Country,League,Season,Date,Time,Home,Away,HG,AG,Res,PSCH,PSCD,PSCA,MaxCH,MaxCD,MaxCA,AvgCH,AvgCD,AvgCA,BFECH,BFECD,BFECA,B365CH,B365CD,B365CA
Mexico,Liga MX,2012/2013,22/07/2012,03:00,Atlas,UNAM Pumas,1,1,D,2.63,3.23,2.98,2.71,3.25,2.98,2.53,3.04,2.76,,,,,,
Mexico,Liga MX,2012/2013,29/07/2012,18:00,UNAM Pumas,Queretaro,3,0,H,1.61,3.97,6.77,1.66,3.97,6.77,1.57,3.69,5.6,,,,,,
Mexico,Liga MX,2012/2013,04/08/2012,01:30,Club Tijuana,UNAM Pumas,1,0,H,2.69,3.17,2.96,2.75,3.25,3.12,2.55,3.05,2.72,,,,,,
Mexico,Liga MX,2012/2013,12/08/2012,18:00,UNAM Pumas,Toluca,1,2,A,2.06,3.48,3.96,2.1,3.5,3.96,2.02,3.23,3.52,,,,,,
Mexico,Liga MX,2012/2013,19/08/2012,01:00,Santos Laguna,UNAM Pumas,1,2,A,2.22,3.35,3.62,2.24,3.4,4.05,2.02,3.27,3.56,,,,,,
Mexico,Liga MX,2012/2013,26/08/2012,18:00,UNAM Pumas,Cruz Azul,0,1,A,2.79,3.26,2.76,2.8,3.3,3.25,2.5,3.1,2.76,,,,,,
Mexico,Liga MX,2012/2013,01/09/2012,03:30,Monarcas,UNAM Pumas,0,1,A,1.96,3.58,4.23,2.04,3.7,5.2,1.94,3.34,3.71,,,,,,
Mexico,Liga MX,2012/2013,16/09/2012,18:00,UNAM Pumas,Atl. San Luis,0,1,A,1.82,3.74,4.82,1.83,3.74,5.5,1.74,3.46,4.55,,,,,,
Mexico,Liga MX,2012/2013,23/09/2012,23:00,Guadalajara Chivas,UNAM Pumas,0,0,D,2.45,3.2,3.28,2.5,3.3,3.3,2.36,3.03,3.03,,,,,,
Mexico,Liga MX,2012/2013,30/09/2012,18:00,UNAM Pumas,Puebla,2,1,H,1.85,3.68,4.62,1.91,3.68,4.65,1.83,3.35,4.21,,,,,,
Mexico,Liga MX,2012/2013,04/10/2012,02:30,Club Leon,UNAM Pumas,2,1,H,1.61,3.98,6.53,1.7,4.0,6.53,1.64,3.67,5.06,,,,,,
Mexico,Liga MX,2012/2013,07/10/2012,18:00,UNAM Pumas,Monterrey,3,2,H,2.33,3.27,3.42,2.4,3.35,3.42,2.3,3.14,2.99,,,,,,
Mexico,Liga MX,2012/2013,14/10/2012,18:00,UNAM Pumas,Pachuca,1,0,H,1.99,3.48,4.3,2.02,3.5,4.5,1.92,3.3,3.86,,,,,,
Mexico,Liga MX,2012/2013,21/10/2012,01:00,Tigres UANL,UNAM Pumas,5,0,H,1.98,3.37,4.47,2.0,3.6,4.48,1.9,3.3,3.94,,,,,,
Mexico,Liga MX,2012/2013,28/10/2012,18:00,UNAM Pumas,Club America,0,1,A,3.06,3.28,2.54,3.06,3.3,2.85,2.73,3.11,2.53,,,,,,
Mexico,Liga MX,2012/2013,03/11/2012,01:30,Chiapas,UNAM Pumas,3,0,H,2.04,3.6,3.85,2.1,3.6,4.0,2.03,3.27,3.51,,,,,,
Mexico,Liga MX,2012/2013,11/11/2012,18:00,UNAM Pumas,Atlante,3,2,H,2.04,3.51,3.99,2.1,3.51,4.0,2.0,3.28,3.57,,,,,,
Mexico,Liga MX,2012/2013,06/01/2013,18:00,UNAM Pumas,Atlas,1,1,D,1.93,3.64,4.3,1.95,3.65,4.87,1.81,3.31,4.39,,,,,,
Mexico,Liga MX,2012/2013,12/01/2013,23:00,Queretaro,UNAM Pumas,2,1,H,2.95,3.22,2.66,3.15,3.45,2.66,2.92,3.1,2.4,,,,,,
Mexico,Liga MX,2012/2013,20/01/2013,18:00,UNAM Pumas,Club Tijuana,1,2,A,2.94,3.27,2.64,3.0,3.3,2.7,2.72,3.06,2.57,,,,,,
Mexico,Liga MX,2012/2013,27/01/2013,18:00,Toluca,UNAM Pumas,0,1,A,1.93,3.76,4.12,1.97,3.76,4.55,1.85,3.39,4.08,,,,,,
Mexico,Liga MX,2012/2013,03/02/2013,18:00,UNAM Pumas,Santos Laguna,0,0,D,2.39,3.29,3.2,2.4,3.3,3.36,2.28,3.17,3.03,,,,,,
Mexico,Liga MX,2012/2013,09/02/2013,23:00,Cruz Azul,UNAM Pumas,1,1,D,1.81,3.74,4.84,1.81,3.8,5.0,1.76,3.43,4.5,,,,,,
Mexico,Liga MX,2012/2013,17/02/2013,18:00,UNAM Pumas,Monarcas,1,0,H,2.62,3.26,2.97,2.62,3.31,3.15,2.39,3.12,2.9,,,,,,
Mexico,Liga MX,2012/2013,24/02/2013,03:00,Atl. San Luis,UNAM Pumas,0,2,A,3.78,3.36,2.16,3.78,3.36,2.6,3.14,3.14,2.26,,,,,,
Mexico,Liga MX,2012/2013,03/03/2013,18:00,UNAM Pumas,Guadalajara Chivas,1,1,D,2.06,3.37,4.07,2.25,3.37,4.24,2.01,3.2,3.67,,,,,,
Mexico,Liga MX,2012/2013,10/03/2013,22:00,Puebla,UNAM Pumas,0,1,A,3.38,3.2,2.39,3.38,3.3,2.6,2.95,3.1,2.39,,,,,,
Mexico,Liga MX,2012/2013,17/03/2013,18:00,UNAM Pumas,Club Leon,0,0,D,2.29,3.33,3.44,2.29,3.35,3.95,2.08,3.15,3.54,,,,,,
Mexico,Liga MX,2012/2013,31/03/2013,02:00,Monterrey,UNAM Pumas,3,0,H,2.29,3.31,3.49,2.31,3.35,3.75,2.17,3.17,3.26,,,,,,
Mexico,Liga MX,2012/2013,07/04/2013,02:00,Pachuca,UNAM Pumas,1,2,A,2.39,3.28,3.29,2.4,3.3,3.4,2.22,3.13,3.18,,,,,,
Mexico,Liga MX,2012/2013,14/04/2013,18:00,UNAM Pumas,Tigres UANL,2,1,H,2.97,3.26,2.6,3.0,3.26,2.66,2.73,3.07,2.55,,,,,,
Mexico,Liga MX,2012/2013,21/04/2013,02:00,Club America,UNAM Pumas,1,0,H,1.95,3.43,4.51,1.96,3.6,5.0,1.81,3.39,4.3,,,,,,
Mexico,Liga MX,2012/2013,28/04/2013,18:00,UNAM Pumas,Chiapas,3,0,H,1.66,3.88,6.02,1.7,3.9,6.02,1.63,3.58,5.21,,,,,,
Mexico,Liga MX,2012/2013,06/05/2013,00:00,Atlante,UNAM Pumas,1,2,A,3.44,3.42,2.25,3.7,3.42,2.31,3.21,3.2,2.18,,,,,,
Mexico,Liga MX,2012/2013,09/05/2013,03:00,UNAM Pumas,Club America,0,1,A,3.46,3.16,2.39,3.6,3.25,2.52,3.14,3.09,2.27,,,,,,
Mexico,Liga MX,2012/2013,11/05/2013,23:00,Club America,UNAM Pumas,2,1,H,2.02,3.4,4.24,2.06,3.54,4.51,1.9,3.27,4.02,,,,,,
Mexico,Liga MX,2013/2014,21/07/2013,18:00,Puebla,UNAM Pumas,1,1,D,3.08,3.29,2.52,3.2,3.34,2.54,2.88,3.13,2.4,,,,,,
Mexico,Liga MX,2013/2014,28/07/2013,18:00,UNAM Pumas,Queretaro,0,3,A,1.85,3.53,4.98,1.85,4.0,5.09,1.73,3.41,4.7,,,,,,
Mexico,Liga MX,2013/2014,01/08/2013,02:00,Toluca,UNAM Pumas,0,0,D,2.12,3.29,3.96,2.12,3.4,3.96,2.05,3.18,3.55,,,,,,
Mexico,Liga MX,2013/2014,04/08/2013,18:00,UNAM Pumas,Tigres UANL,0,2,A,3.2,3.3,2.44,3.2,3.4,2.52,2.86,3.12,2.42,,,,,,
Mexico,Liga MX,2013/2014,10/08/2013,03:30,Club Tijuana,UNAM Pumas,2,0,H,1.74,3.62,5.74,1.85,3.65,5.75,1.72,3.47,4.71,,,,,,
Mexico,Liga MX,2013/2014,18/08/2013,18:00,UNAM Pumas,Club Leon,1,1,D,3.15,3.31,2.47,3.15,3.31,2.7,2.85,3.05,2.49,,,,,,
Mexico,Liga MX,2013/2014,25/08/2013,03:00,Atlas,UNAM Pumas,1,1,D,2.16,3.3,3.78,2.21,3.3,3.8,2.13,3.13,3.42,,,,,,
Mexico,Liga MX,2013/2014,03/09/2013,02:30,UNAM Pumas,Club America,1,4,A,4.37,3.53,1.95,4.5,3.55,1.98,3.95,3.34,1.89,,,,,,
Mexico,Liga MX,2013/2014,08/09/2013,01:00,Pachuca,UNAM Pumas,0,0,D,2.28,3.32,3.52,2.28,3.32,3.86,2.08,3.22,3.48,,,,,,
Mexico,Liga MX,2013/2014,15/09/2013,18:00,UNAM Pumas,Monarcas,0,1,A,2.9,3.31,2.64,2.9,3.31,2.73,2.65,3.15,2.59,,,,,,
Mexico,Liga MX,2013/2014,22/09/2013,01:00,Atlante,UNAM Pumas,1,0,H,2.4,3.04,3.26,2.45,3.25,3.3,2.33,3.11,3.03,,,,,,
Mexico,Liga MX,2013/2014,29/09/2013,01:00,Monterrey,UNAM Pumas,0,1,A,1.61,3.84,7.01,1.75,3.84,7.01,1.62,3.61,5.42,,,,,,
Mexico,Liga MX,2013/2014,06/10/2013,18:00,UNAM Pumas,Santos Laguna,0,1,A,3.41,3.31,2.33,3.41,3.4,2.45,3.03,3.14,2.32,,,,,,
Mexico,Liga MX,2013/2014,20/10/2013,03:00,Chiapas,UNAM Pumas,1,1,D,1.99,3.46,4.29,2.01,3.6,4.55,1.88,3.33,4.06,,,,,,
Mexico,Liga MX,2013/2014,27/10/2013,18:00,UNAM Pumas,Veracruz,0,0,D,2.36,3.43,3.21,2.4,3.43,3.25,2.27,3.22,3.03,,,,,,
Mexico,Liga MX,2013/2014,03/11/2013,23:00,Guadalajara Chivas,UNAM Pumas,1,0,H,2.35,3.24,3.41,2.48,3.25,3.41,2.3,3.05,3.13,,,,,,
Mexico,Liga MX,2013/2014,10/11/2013,18:00,UNAM Pumas,Cruz Azul,2,2,D,4.29,3.42,1.98,4.29,3.42,2.15,3.73,3.19,2.0,,,,,,
Mexico,Liga MX,2013/2014,05/01/2014,18:00,UNAM Pumas,Puebla,2,2,D,2.04,3.31,4.32,2.22,3.31,4.32,2.05,3.16,3.64,,,,,,
Mexico,Liga MX,2013/2014,11/01/2014,01:30,Queretaro,UNAM Pumas,1,0,H,2.32,3.2,3.55,2.5,3.2,3.55,2.31,3.05,3.13,,,,,,
Mexico,Liga MX,2013/2014,19/01/2014,18:00,UNAM Pumas,Toluca,0,2,A,3.51,3.24,2.31,3.63,3.24,2.55,3.15,3.07,2.31,,,,,,
Mexico,Liga MX,2013/2014,26/01/2014,01:00,Tigres UANL,UNAM Pumas,1,2,A,1.66,3.65,6.79,1.66,3.8,7.47,1.58,3.54,6.13,,,,,,
Mexico,Liga MX,2013/2014,02/02/2014,18:00,UNAM Pumas,Club Tijuana,3,0,H,2.74,3.05,3.02,2.74,3.2,3.3,2.52,2.99,2.87,,,,,,
Mexico,Liga MX,2013/2014,09/02/2014,02:06,Club Leon,UNAM Pumas,1,2,A,1.56,4.11,7.05,1.57,4.11,7.5,1.53,3.77,6.12,,,,,,
Mexico,Liga MX,2013/2014,16/02/2014,18:00,UNAM Pumas,Atlas,1,1,D,2.36,3.19,3.48,2.4,3.3,3.88,2.16,3.13,3.36,,,,,,
Mexico,Liga MX,2013/2014,22/02/2014,23:00,Club America,UNAM Pumas,1,3,A,1.61,3.88,6.88,1.61,3.95,6.88,1.56,3.7,5.88,,,,,,
Mexico,Liga MX,2013/2014,02/03/2014,18:00,UNAM Pumas,Pachuca,0,0,D,2.41,3.29,3.27,2.5,3.3,3.45,2.26,3.1,3.18,,,,,,
Mexico,Liga MX,2013/2014,08/03/2014,01:30,Monarcas,UNAM Pumas,3,1,H,2.5,3.18,3.15,2.65,3.3,3.4,2.27,3.1,3.14,,,,,,
Mexico,Liga MX,2013/2014,16/03/2014,18:00,UNAM Pumas,Atlante,5,0,H,2.11,3.43,3.85,2.31,3.43,3.88,2.13,3.14,3.42,,,,,,
Mexico,Liga MX,2013/2014,23/03/2014,18:00,UNAM Pumas,Monterrey,1,2,A,2.27,3.28,3.58,2.29,3.28,3.95,2.1,3.16,3.5,,,,,,
Mexico,Liga MX,2013/2014,29/03/2014,03:30,Santos Laguna,UNAM Pumas,2,1,H,1.69,4.1,5.29,1.75,4.1,5.6,1.64,3.79,4.84,,,,,,
Mexico,Liga MX,2013/2014,06/04/2014,18:00,UNAM Pumas,Chiapas,2,1,H,2.02,3.44,4.14,2.1,3.44,4.2,1.99,3.22,3.74,,,,,,
Mexico,Liga MX,2013/2014,12/04/2014,23:00,Veracruz,UNAM Pumas,1,1,D,2.26,3.31,3.57,2.4,3.31,3.57,2.19,3.11,3.28,,,,,,
Mexico,Liga MX,2013/2014,20/04/2014,18:00,UNAM Pumas,Guadalajara Chivas,1,0,H,2.37,3.14,3.52,2.5,3.2,3.52,2.36,3.06,3.01,,,,,,
Mexico,Liga MX,2013/2014,26/04/2014,23:00,Cruz Azul,UNAM Pumas,2,1,H,1.99,3.53,4.18,2.0,3.53,4.34,1.91,3.3,3.95,,,,,,
Mexico,Liga MX,2013/2014,02/05/2014,02:00,Pachuca,UNAM Pumas,1,1,D,2.01,3.36,4.36,2.15,3.36,4.36,2.01,3.2,3.7,,,,,,
Mexico,Liga MX,2013/2014,04/05/2014,23:00,UNAM Pumas,Pachuca,2,4,A,2.34,3.35,3.35,2.34,3.35,4.05,2.11,3.22,3.37,,,,,,
Mexico,Liga MX,2014/2015,19/07/2014,01:30,Queretaro,UNAM Pumas,1,3,A,2.67,3.06,3.09,2.67,3.25,3.15,2.49,3.0,2.89,,,,,,
Mexico,Liga MX,2014/2015,27/07/2014,18:00,UNAM Pumas,Guadalajara Chivas,0,1,A,2.2,3.21,3.85,2.38,3.23,3.85,2.23,3.06,3.31,,,,,,
Mexico,Liga MX,2014/2015,03/08/2014,18:00,Toluca,UNAM Pumas,2,1,H,1.94,3.37,4.65,2.0,3.37,4.65,1.89,3.24,4.12,,,,,,
Mexico,Liga MX,2014/2015,10/08/2014,18:00,UNAM Pumas,Atlas,0,1,A,2.55,3.09,3.23,2.55,3.14,3.29,2.37,3.03,3.05,,,,,,
Mexico,Liga MX,2014/2015,15/08/2014,02:06,Club Leon,UNAM Pumas,2,1,H,1.82,3.82,4.67,1.83,3.87,4.9,1.76,3.57,4.34,,,,,,
Mexico,Liga MX,2014/2015,24/08/2014,18:00,UNAM Pumas,Club Tijuana,1,1,D,2.4,3.23,3.35,2.4,3.25,3.55,2.26,3.13,3.14,,,,,,
Mexico,Liga MX,2014/2015,30/08/2014,23:00,Club America,UNAM Pumas,0,1,A,1.63,4.09,5.9,1.67,4.09,5.9,1.6,3.72,5.33,,,,,,
Mexico,Liga MX,2014/2015,14/09/2014,18:00,UNAM Pumas,Tigres UANL,2,2,D,2.92,3.21,2.69,2.99,3.21,2.7,2.78,3.06,2.54,,,,,,
Mexico,Liga MX,2014/2015,20/09/2014,03:30,Monarcas,UNAM Pumas,2,3,A,2.37,3.25,3.37,2.42,3.3,3.46,2.21,3.17,3.19,,,,,,
Mexico,Liga MX,2014/2015,28/09/2014,18:00,UNAM Pumas,Chiapas,2,2,D,2.22,3.47,3.44,2.22,3.48,3.6,2.12,3.25,3.34,,,,,,
Mexico,Liga MX,2014/2015,02/10/2014,01:00,Puebla,UNAM Pumas,1,2,A,2.43,3.22,3.31,2.5,3.3,3.4,2.34,3.14,3.01,,,,,,
Mexico,Liga MX,2014/2015,05/10/2014,03:00,Leones Negros,UNAM Pumas,1,0,H,2.71,3.1,2.99,2.94,3.2,3.01,2.65,3.05,2.68,,,,,,
Mexico,Liga MX,2014/2015,19/10/2014,18:00,UNAM Pumas,Pachuca,1,1,D,2.75,3.27,2.81,2.8,3.3,2.88,2.53,3.15,2.74,,,,,,
Mexico,Liga MX,2014/2015,25/10/2014,03:30,Santos Laguna,UNAM Pumas,1,1,D,1.8,3.84,4.8,1.8,3.84,5.7,1.7,3.6,4.71,,,,,,
Mexico,Liga MX,2014/2015,02/11/2014,18:00,UNAM Pumas,Veracruz,0,0,D,2.16,3.56,3.61,2.19,3.56,4.0,2.01,3.29,3.61,,,,,,
Mexico,Liga MX,2014/2015,08/11/2014,23:00,Cruz Azul,UNAM Pumas,0,2,A,1.68,3.83,5.78,1.8,3.91,6.0,1.64,3.64,5.21,,,,,,
Mexico,Liga MX,2014/2015,23/11/2014,18:00,UNAM Pumas,Monterrey,4,2,H,1.99,3.4,4.38,2.25,3.47,4.55,1.91,3.29,3.98,,,,,,
Mexico,Liga MX,2014/2015,27/11/2014,04:00,UNAM Pumas,Club America,1,0,H,4.13,3.4,2.05,4.6,3.5,2.15,3.61,3.26,2.03,,,,,,
Mexico,Liga MX,2014/2015,29/11/2014,23:00,Club America,UNAM Pumas,1,0,H,1.61,4.01,6.45,1.75,4.25,6.6,1.6,3.68,5.54,,,,,,
Mexico,Liga MX,2014/2015,11/01/2015,18:00,UNAM Pumas,Queretaro,1,1,D,2.27,3.28,3.58,2.27,3.3,4.0,2.14,3.15,3.44,,,,,,
Mexico,Liga MX,2014/2015,18/01/2015,23:00,Guadalajara Chivas,UNAM Pumas,2,1,H,2.19,3.17,3.95,2.24,3.3,3.95,2.13,3.1,3.5,,,,,,
Mexico,Liga MX,2014/2015,25/01/2015,18:00,UNAM Pumas,Toluca,3,2,H,2.91,3.14,2.76,2.91,3.2,2.88,2.69,3.0,2.68,,,,,,
Mexico,Liga MX,2014/2015,01/02/2015,03:00,Atlas,UNAM Pumas,1,1,D,2.54,3.07,3.27,2.55,3.2,3.45,2.33,3.04,3.16,,,,,,
Mexico,Liga MX,2014/2015,08/02/2015,18:00,UNAM Pumas,Club Leon,1,3,A,2.75,3.32,2.78,2.88,3.32,2.94,2.61,3.13,2.68,,,,,,
Mexico,Liga MX,2014/2015,14/02/2015,03:30,Club Tijuana,UNAM Pumas,3,0,H,2.01,3.56,4.1,2.03,3.56,4.4,1.94,3.32,3.87,,,,,,
Mexico,Liga MX,2014/2015,22/02/2015,18:00,UNAM Pumas,Club America,0,1,A,3.32,3.32,2.36,3.65,3.32,2.45,3.34,3.18,2.17,,,,,,
Mexico,Liga MX,2014/2015,01/03/2015,01:00,Tigres UANL,UNAM Pumas,3,0,H,1.81,3.52,5.18,1.87,3.52,5.26,1.78,3.35,4.68,,,,,,
Mexico,Liga MX,2014/2015,08/03/2015,18:00,UNAM Pumas,Monarcas,2,1,H,2.31,3.32,3.45,2.38,3.32,3.75,2.17,3.17,3.37,,,,,,
Mexico,Liga MX,2014/2015,15/03/2015,03:00,Chiapas,UNAM Pumas,0,2,A,2.09,3.42,3.93,2.1,3.42,4.15,2.01,3.24,3.72,,,,,,
Mexico,Liga MX,2014/2015,22/03/2015,18:00,UNAM Pumas,Puebla,2,1,H,2.27,3.3,3.57,2.27,3.3,3.75,2.16,3.16,3.37,,,,,,
Mexico,Liga MX,2014/2015,05/04/2015,18:00,UNAM Pumas,Leones Negros,2,0,H,2.01,3.38,4.35,2.02,3.4,4.35,1.97,3.2,3.92,,,,,,
Mexico,Liga MX,2014/2015,12/04/2015,02:06,Pachuca,UNAM Pumas,3,1,H,2.01,3.66,3.93,2.06,3.66,4.1,1.98,3.33,3.67,,,,,,
Mexico,Liga MX,2014/2015,19/04/2015,18:00,UNAM Pumas,Santos Laguna,1,0,H,2.39,3.49,3.13,2.47,3.5,3.14,2.32,3.26,2.95,,,,,,
Mexico,Liga MX,2014/2015,25/04/2015,02:30,Veracruz,UNAM Pumas,3,3,D,2.24,3.32,3.62,2.31,3.4,3.86,2.12,3.15,3.48,,,,,,
Mexico,Liga MX,2014/2015,03/05/2015,18:00,UNAM Pumas,Cruz Azul,0,1,A,3.3,3.22,2.43,3.39,3.25,2.48,3.11,3.09,2.31,,,,,,
Mexico,Liga MX,2014/2015,10/05/2015,01:00,Monterrey,UNAM Pumas,2,2,D,1.62,4.19,5.74,1.7,4.19,5.75,1.63,3.81,5.07,,,,,,
Mexico,Liga MX,2015/2016,26/07/2015,18:00,UNAM Pumas,Monterrey,3,0,H,2.23,3.29,3.68,2.35,3.29,3.68,2.2,3.16,3.25,,,,,,
Mexico,Liga MX,2015/2016,02/08/2015,18:00,Toluca,UNAM Pumas,2,1,H,2.25,3.32,3.59,2.29,3.35,3.7,2.11,3.21,3.41,,,,,,
Mexico,Liga MX,2015/2016,09/08/2015,23:00,Puebla,UNAM Pumas,3,2,H,2.4,3.35,3.18,2.47,3.45,3.18,2.32,3.18,2.99,,,,,,
Mexico,Liga MX,2015/2016,13/08/2015,03:00,UNAM Pumas,Atlas,5,0,H,2.2,3.56,3.46,2.2,3.56,3.64,2.09,3.34,3.34,,,,,,
Mexico,Liga MX,2015/2016,16/08/2015,02:06,Pachuca,UNAM Pumas,1,2,A,2.07,3.75,3.62,2.2,3.75,3.64,2.06,3.45,3.31,,,,,,
Mexico,Liga MX,2015/2016,23/08/2015,18:00,UNAM Pumas,Dorados de Sinaloa,2,0,H,1.61,4.12,6.13,1.67,4.12,6.5,1.6,3.71,5.53,,,,,,
Mexico,Liga MX,2015/2016,29/08/2015,03:30,Santos Laguna,UNAM Pumas,3,4,A,2.17,3.62,3.47,2.17,3.62,3.8,2.06,3.38,3.36,,,,,,
Mexico,Liga MX,2015/2016,13/09/2015,18:00,UNAM Pumas,Veracruz,3,0,H,1.71,4.32,4.78,1.85,4.44,6.0,1.64,3.91,4.81,,,,,,
Mexico,Liga MX,2015/2016,19/09/2015,23:00,Cruz Azul,UNAM Pumas,2,1,H,2.34,3.54,3.17,2.44,3.54,3.24,2.26,3.28,3.05,,,,,,
Mexico,Liga MX,2015/2016,27/09/2015,18:00,UNAM Pumas,Tigres UANL,1,0,H,2.65,3.32,2.88,2.74,3.5,2.88,2.58,3.18,2.69,,,,,,
Mexico,Liga MX,2015/2016,01/10/2015,00:45,Monarcas,UNAM Pumas,2,2,D,2.45,3.51,3.01,2.63,3.68,3.06,2.38,3.28,2.84,,,,,,
Mexico,Liga MX,2015/2016,04/10/2015,18:00,UNAM Pumas,Guadalajara Chivas,1,0,H,1.81,3.75,4.82,1.85,3.82,4.85,1.78,3.53,4.34,,,,,,
Mexico,Liga MX,2015/2016,18/10/2015,02:06,Club Leon,UNAM Pumas,1,3,A,2.13,3.73,3.47,2.22,3.75,3.58,2.09,3.48,3.21,,,,,,
Mexico,Liga MX,2015/2016,25/10/2015,18:00,UNAM Pumas,Chiapas,2,3,A,1.61,4.25,5.94,1.7,4.25,5.94,1.61,3.87,5.09,,,,,,
Mexico,Liga MX,2015/2016,31/10/2015,03:30,Club Tijuana,UNAM Pumas,1,2,A,2.47,3.57,2.94,2.66,3.6,2.94,2.47,3.29,2.71,,,,,,
Mexico,Liga MX,2015/2016,08/11/2015,18:00,UNAM Pumas,Queretaro,2,1,H,2.29,3.61,3.21,2.29,3.61,3.8,2.14,3.36,3.2,,,,,,
Mexico,Liga MX,2015/2016,21/11/2015,23:00,Club America,UNAM Pumas,1,1,D,1.9,3.85,4.17,1.95,3.85,4.21,1.86,3.56,3.9,,,,,,
Mexico,Liga MX,2015/2016,27/11/2015,01:00,Veracruz,UNAM Pumas,1,0,H,2.82,3.45,2.63,2.82,3.5,2.73,2.64,3.27,2.54,,,,,,
Mexico,Liga MX,2015/2016,29/11/2015,18:00,UNAM Pumas,Veracruz,1,0,H,1.63,4.22,5.69,1.63,4.23,6.5,1.54,3.93,5.74,,,,,,
Mexico,Liga MX,2015/2016,04/12/2015,01:00,Club America,UNAM Pumas,0,3,A,1.93,3.7,4.22,1.95,3.79,4.35,1.87,3.53,3.89,,,,,,
Mexico,Liga MX,2015/2016,06/12/2015,18:00,UNAM Pumas,Club America,1,3,A,3.08,3.55,2.39,3.14,3.61,2.6,2.87,3.32,2.33,,,,,,
Mexico,Liga MX,2015/2016,11/12/2015,03:00,Tigres UANL,UNAM Pumas,3,0,H,1.56,4.12,7.11,1.75,4.15,7.11,1.56,3.78,5.85,,,,,,
Mexico,Liga MX,2015/2016,14/12/2015,02:30,UNAM Pumas,Tigres UANL,3,0,H,3.34,3.35,2.34,3.34,3.4,2.53,3.02,3.22,2.31,,,,,,
Mexico,Liga MX,2015/2016,10/01/2016,01:00,Monterrey,UNAM Pumas,1,0,H,1.91,3.91,4.08,1.93,3.98,4.25,1.86,3.63,3.81,,,,,,
Mexico,Liga MX,2015/2016,17/01/2016,18:00,UNAM Pumas,Toluca,3,2,H,2.14,3.56,3.62,2.3,3.68,3.75,2.09,3.36,3.37,,,,,,
Mexico,Liga MX,2015/2016,24/01/2016,18:00,UNAM Pumas,Puebla,0,1,A,1.88,3.89,4.25,1.9,3.9,5.0,1.81,3.58,4.15,,,,,,
Mexico,Liga MX,2015/2016,31/01/2016,02:30,Atlas,UNAM Pumas,1,1,D,2.6,3.4,2.89,2.67,3.4,2.9,2.52,3.16,2.76,,,,,,
Mexico,Liga MX,2015/2016,07/02/2016,18:00,UNAM Pumas,Pachuca,1,1,D,2.55,3.67,2.78,2.55,3.67,2.9,2.42,3.34,2.75,,,,,,
Mexico,Liga MX,2015/2016,14/02/2016,03:00,Dorados de Sinaloa,UNAM Pumas,2,3,A,3.47,3.15,2.39,3.7,3.44,2.42,3.28,3.05,2.26,,,,,,
Mexico,Liga MX,2015/2016,21/02/2016,18:00,UNAM Pumas,Santos Laguna,1,1,D,2.88,3.53,2.53,2.93,3.53,3.1,2.64,3.28,2.55,,,,,,
Mexico,Liga MX,2015/2016,27/02/2016,03:30,Veracruz,UNAM Pumas,0,0,D,2.27,3.31,3.54,2.33,3.4,3.55,2.22,3.22,3.17,,,,,,
Mexico,Liga MX,2015/2016,06/03/2016,18:00,UNAM Pumas,Cruz Azul,2,2,D,2.7,3.37,2.79,2.8,3.37,2.82,2.59,3.17,2.67,,,,,,
Mexico,Liga MX,2015/2016,13/03/2016,01:00,Tigres UANL,UNAM Pumas,0,0,D,1.71,3.77,5.73,1.71,4.0,6.73,1.6,3.73,5.57,,,,,,
Mexico,Liga MX,2015/2016,21/03/2016,00:00,UNAM Pumas,Monarcas,4,2,H,2.31,3.39,3.36,2.34,3.5,3.8,2.16,3.27,3.32,,,,,,
Mexico,Liga MX,2015/2016,04/04/2016,02:30,Guadalajara Chivas,UNAM Pumas,4,0,H,2.36,3.14,3.47,2.48,3.25,3.75,2.26,3.1,3.23,,,,,,
Mexico,Liga MX,2015/2016,11/04/2016,00:30,UNAM Pumas,Club Leon,1,2,A,2.38,3.55,3.1,2.46,3.6,3.1,2.3,3.36,2.9,,,,,,
Mexico,Liga MX,2015/2016,17/04/2016,03:00,Chiapas,UNAM Pumas,1,2,A,3.02,3.67,2.37,3.02,3.69,2.62,2.86,3.4,2.32,,,,,,
Mexico,Liga MX,2015/2016,23/04/2016,02:00,UNAM Pumas,Club Tijuana,3,1,H,1.98,3.84,3.86,2.0,3.84,4.4,1.89,3.55,3.72,,,,,,
Mexico,Liga MX,2015/2016,30/04/2016,01:30,Queretaro,UNAM Pumas,2,1,H,1.99,3.81,3.85,2.11,3.81,3.85,1.98,3.46,3.55,,,,,,
Mexico,Liga MX,2015/2016,08/05/2016,18:00,UNAM Pumas,Club America,1,1,D,3.01,3.68,2.38,3.1,3.68,2.47,2.88,3.4,2.29,,,,,,
Mexico,Liga MX,2016/2017,17/07/2016,18:00,UNAM Pumas,Guadalajara Chivas,1,0,H,2.9,3.19,2.73,2.92,3.27,2.8,2.7,3.09,2.62,,,,,,
Mexico,Liga MX,2016/2017,23/07/2016,23:00,Cruz Azul,UNAM Pumas,0,0,D,2.02,3.7,3.84,2.05,3.7,4.06,1.95,3.44,3.72,,,,,,
Mexico,Liga MX,2016/2017,31/07/2016,18:00,UNAM Pumas,Club Leon,1,0,H,2.56,3.62,2.79,2.61,3.62,3.07,2.46,3.33,2.73,,,,,,
Mexico,Liga MX,2016/2017,07/08/2016,03:00,Necaxa,UNAM Pumas,2,2,D,2.32,3.38,3.37,2.38,3.4,3.48,2.24,3.16,3.22,,,,,,
Mexico,Liga MX,2016/2017,14/08/2016,01:06,Pachuca,UNAM Pumas,3,0,H,2.04,3.54,3.97,2.32,3.54,3.97,2.06,3.29,3.54,,,,,,
Mexico,Liga MX,2016/2017,21/08/2016,18:00,UNAM Pumas,Monterrey,5,3,H,2.78,3.51,2.63,2.79,3.58,2.7,2.66,3.28,2.55,,,,,,
Mexico,Liga MX,2016/2017,27/08/2016,03:00,Club Tijuana,UNAM Pumas,1,0,H,2.07,3.72,3.66,2.08,3.98,3.96,1.97,3.54,3.49,,,,,,
Mexico,Liga MX,2016/2017,11/09/2016,18:00,UNAM Pumas,Queretaro,4,1,H,2.11,3.54,3.71,2.14,3.55,3.81,2.04,3.38,3.48,,,,,,
Mexico,Liga MX,2016/2017,19/09/2016,00:00,Santos Laguna,UNAM Pumas,3,1,H,2.21,3.58,3.42,2.23,3.62,3.74,2.11,3.38,3.27,,,,,,
Mexico,Liga MX,2016/2017,22/09/2016,03:00,UNAM Pumas,Atlas,2,0,H,2.01,3.59,4.0,2.08,3.6,4.25,1.94,3.37,3.82,,,,,,
Mexico,Liga MX,2016/2017,25/09/2016,03:00,Club America,UNAM Pumas,2,1,H,1.91,3.91,4.08,1.93,4.0,4.96,1.81,3.7,4.03,,,,,,
Mexico,Liga MX,2016/2017,02/10/2016,18:00,UNAM Pumas,Chiapas,1,0,H,1.55,4.49,6.38,1.65,4.65,6.6,1.52,4.11,5.83,,,,,,
Mexico,Liga MX,2016/2017,16/10/2016,18:00,Toluca,UNAM Pumas,2,1,H,2.26,3.43,3.44,2.26,3.5,3.65,2.16,3.28,3.28,,,,,,
Mexico,Liga MX,2016/2017,23/10/2016,18:00,UNAM Pumas,Tigres UANL,1,3,A,2.45,3.29,3.2,2.59,3.3,3.2,2.4,3.11,2.97,,,,,,
Mexico,Liga MX,2016/2017,29/10/2016,03:00,Veracruz,UNAM Pumas,1,4,A,3.27,3.51,2.3,3.27,3.65,2.4,3.03,3.37,2.23,,,,,,
Mexico,Liga MX,2016/2017,06/11/2016,18:00,UNAM Pumas,Monarcas,1,1,D,1.63,4.24,5.69,1.69,4.25,5.69,1.61,3.96,5.0,,,,,,
Mexico,Liga MX,2016/2017,21/11/2016,00:00,Puebla,UNAM Pumas,0,3,A,3.48,3.82,2.1,3.6,3.82,2.15,3.34,3.5,2.05,,,,,,
Mexico,Liga MX,2016/2017,24/11/2016,03:30,UNAM Pumas,Tigres UANL,2,2,D,2.54,3.3,3.05,2.55,3.3,3.22,2.43,3.13,2.91,,,,,,
Mexico,Liga MX,2016/2017,27/11/2016,01:00,Tigres UANL,UNAM Pumas,5,0,H,1.75,3.82,5.23,1.85,3.82,5.3,1.75,3.58,4.49,,,,,,
Mexico,Liga MX,2016/2017,08/01/2017,03:06,Guadalajara Chivas,UNAM Pumas,2,1,H,,,,1.82,3.76,5.2,1.76,3.49,4.57,,,,,,
Mexico,Liga MX,2016/2017,15/01/2017,18:00,UNAM Pumas,Cruz Azul,1,0,H,2.73,3.5,2.68,2.76,3.5,2.88,2.54,3.28,2.66,,,,,,
Mexico,Liga MX,2016/2017,22/01/2017,01:06,Club Leon,UNAM Pumas,0,1,A,1.93,3.64,4.27,2.05,3.75,4.3,1.92,3.5,3.73,,,,,,
Mexico,Liga MX,2016/2017,29/01/2017,18:00,UNAM Pumas,Necaxa,3,1,H,2.06,3.45,4.01,2.06,3.52,4.46,1.94,3.3,3.92,,,,,,
Mexico,Liga MX,2016/2017,05/02/2017,18:00,UNAM Pumas,Pachuca,1,1,D,3.16,3.54,2.35,3.16,3.54,2.7,2.82,3.29,2.41,,,,,,
Mexico,Liga MX,2016/2017,12/02/2017,01:00,Monterrey,UNAM Pumas,2,0,H,1.61,4.41,5.63,1.66,4.45,6.0,1.59,4.08,5.05,,,,,,
Mexico,Liga MX,2016/2017,19/02/2017,18:00,UNAM Pumas,Club Tijuana,3,3,D,1.96,3.63,4.19,2.05,3.7,4.19,1.94,3.41,3.79,,,,,,
Mexico,Liga MX,2016/2017,25/02/2017,23:00,Queretaro,UNAM Pumas,4,3,H,2.53,3.25,3.11,2.56,3.35,3.15,2.41,3.14,2.93,,,,,,
Mexico,Liga MX,2016/2017,05/03/2017,18:00,UNAM Pumas,Santos Laguna,2,1,H,2.15,3.69,3.46,2.25,3.69,3.5,2.12,3.42,3.24,,,,,,
Mexico,Liga MX,2016/2017,19/03/2017,18:00,UNAM Pumas,Club America,2,3,A,2.38,3.62,3.05,2.46,3.62,3.06,2.31,3.36,2.91,,,,,,
Mexico,Liga MX,2016/2017,02/04/2017,00:00,Chiapas,UNAM Pumas,0,3,A,2.89,3.56,2.51,2.96,3.67,2.51,2.78,3.35,2.4,,,,,,
Mexico,Liga MX,2016/2017,09/04/2017,18:00,UNAM Pumas,Toluca,0,1,A,2.57,3.5,2.85,2.59,3.67,3.3,2.41,3.31,2.8,,,,,,
Mexico,Liga MX,2016/2017,13/04/2017,03:30,Atlas,UNAM Pumas,1,1,D,2.43,3.39,3.14,2.43,3.49,3.15,2.36,3.26,2.91,,,,,,
Mexico,Liga MX,2016/2017,16/04/2017,01:00,Tigres UANL,UNAM Pumas,4,0,H,1.54,4.16,7.4,1.62,4.2,7.4,1.54,3.9,6.01,,,,,,
Mexico,Liga MX,2016/2017,23/04/2017,18:00,UNAM Pumas,Veracruz,0,2,A,1.54,4.46,6.57,1.62,4.46,6.57,1.53,4.09,5.65,,,,,,
Mexico,Liga MX,2016/2017,30/04/2017,01:00,Monarcas,UNAM Pumas,4,0,H,2.16,3.45,3.68,2.19,3.5,3.8,2.05,3.33,3.47,,,,,,
Mexico,Liga MX,2016/2017,07/05/2017,18:00,UNAM Pumas,Puebla,0,1,A,1.88,3.64,4.61,1.9,3.7,4.65,1.84,3.48,4.12,,,,,,
Mexico,Liga MX,2017/2018,23/07/2017,18:00,UNAM Pumas,Pachuca,1,0,H,3.03,3.49,2.45,3.1,3.49,2.6,2.88,3.21,2.4,,,,,,
Mexico,Liga MX,2017/2018,29/07/2017,03:00,Atlas,UNAM Pumas,2,1,H,2.18,3.57,3.49,2.21,3.68,3.56,2.12,3.38,3.26,,,,,,
Mexico,Liga MX,2017/2018,06/08/2017,03:00,Club America,UNAM Pumas,2,1,H,2.05,3.48,4.0,2.06,3.5,4.2,1.96,3.33,3.83,,,,,,
Mexico,Liga MX,2017/2018,13/08/2017,18:00,UNAM Pumas,Lobos BUAP,2,0,H,2.19,3.71,3.34,2.29,3.71,3.45,2.14,3.46,3.14,,,,,,
Mexico,Liga MX,2017/2018,20/08/2017,01:00,Tigres UANL,UNAM Pumas,2,0,H,1.44,4.79,8.3,1.46,4.8,8.98,1.41,4.38,7.42,,,,,,
Mexico,Liga MX,2017/2018,23/08/2017,03:00,UNAM Pumas,Monarcas,1,2,A,2.39,3.59,3.04,2.44,3.59,3.05,2.33,3.33,2.89,,,,,,
Mexico,Liga MX,2017/2018,28/08/2017,00:05,Veracruz,UNAM Pumas,1,0,H,2.43,3.32,3.21,2.47,3.35,3.22,2.35,3.18,2.99,,,,,,
Mexico,Liga MX,2017/2018,10/09/2017,18:00,UNAM Pumas,Club Tijuana,0,2,A,2.43,3.37,3.15,2.46,3.4,3.25,2.32,3.22,2.99,,,,,,
Mexico,Liga MX,2017/2018,17/09/2017,03:06,Guadalajara Chivas,UNAM Pumas,1,1,D,1.68,3.85,5.86,1.71,3.85,6.0,1.65,3.63,5.18,,,,,,
Mexico,Liga MX,2017/2018,28/09/2017,03:00,Toluca,UNAM Pumas,2,1,H,1.76,3.88,4.99,1.78,3.95,5.1,1.72,3.67,4.54,,,,,,
Mexico,Liga MX,2017/2018,01/10/2017,22:05,UNAM Pumas,Cruz Azul,1,4,A,4.18,3.6,1.97,4.4,3.6,2.0,3.99,3.41,1.89,,,,,,
Mexico,Liga MX,2017/2018,15/10/2017,03:00,Necaxa,UNAM Pumas,0,0,D,1.99,3.6,4.06,2.01,3.6,4.2,1.92,3.41,3.83,,,,,,
Mexico,Liga MX,2017/2018,18/10/2017,03:00,UNAM Pumas,Club Leon,2,0,H,3.2,4.08,2.14,3.42,4.08,2.23,3.16,3.6,2.08,,,,,,
Mexico,Liga MX,2017/2018,22/10/2017,18:00,UNAM Pumas,Monterrey,0,1,A,3.49,3.57,2.18,4.5,3.8,2.19,3.57,3.4,2.01,,,,,,
Mexico,Liga MX,2017/2018,28/10/2017,01:00,Puebla,UNAM Pumas,3,0,H,2.22,3.38,3.6,2.28,3.45,3.6,2.14,3.23,3.37,,,,,,
Mexico,Liga MX,2017/2018,05/11/2017,18:00,UNAM Pumas,Santos Laguna,2,2,D,2.85,3.74,2.46,2.89,3.84,2.49,2.75,3.48,2.36,,,,,,
Mexico,Liga MX,2017/2018,18/11/2017,23:00,Queretaro,UNAM Pumas,1,1,D,2.01,3.53,4.09,2.3,3.55,4.09,1.99,3.35,3.61,,,,,,
Mexico,Liga MX,2017/2018,07/01/2018,01:06,Pachuca,UNAM Pumas,2,3,A,1.88,3.76,4.44,1.92,3.76,4.45,1.85,3.54,4.01,,,,,,
Mexico,Liga MX,2017/2018,14/01/2018,18:00,UNAM Pumas,Atlas,3,1,H,2.23,3.47,3.47,2.31,3.47,3.47,2.19,3.26,3.22,,,,,,
Mexico,Liga MX,2017/2018,21/01/2018,18:00,UNAM Pumas,Club America,0,0,D,3.02,3.41,2.5,3.18,3.41,2.7,2.92,3.18,2.38,,,,,,
Mexico,Liga MX,2017/2018,27/01/2018,23:00,Lobos BUAP,UNAM Pumas,1,1,D,2.57,3.73,2.72,2.61,3.73,2.8,2.47,3.48,2.61,,,,,,
Mexico,Liga MX,2017/2018,04/02/2018,18:00,UNAM Pumas,Tigres UANL,2,0,H,3.24,3.4,2.37,3.62,3.52,2.41,3.09,3.25,2.26,,,,,,
Mexico,Liga MX,2017/2018,10/02/2018,01:00,Monarcas,UNAM Pumas,1,2,A,2.42,3.47,3.09,2.53,3.49,3.1,2.38,3.26,2.88,,,,,,
Mexico,Liga MX,2017/2018,15/02/2018,03:00,UNAM Pumas,Veracruz,1,2,A,1.9,3.65,4.43,1.9,3.76,4.75,1.82,3.46,4.27,,,,,,
Mexico,Liga MX,2017/2018,18/02/2018,02:30,Club Tijuana,UNAM Pumas,4,1,H,2.04,3.55,3.94,2.18,3.55,3.98,2.03,3.34,3.57,,,,,,
Mexico,Liga MX,2017/2018,25/02/2018,18:00,UNAM Pumas,Guadalajara Chivas,1,1,D,2.52,3.55,2.85,2.57,3.56,3.0,2.43,3.29,2.79,,,,,,
Mexico,Liga MX,2017/2018,04/03/2018,01:06,Club Leon,UNAM Pumas,3,0,H,2.0,3.92,3.7,2.05,3.99,3.72,1.97,3.67,3.42,,,,,,
Mexico,Liga MX,2017/2018,11/03/2018,18:00,UNAM Pumas,Toluca,0,1,A,3.06,3.5,2.42,3.17,3.54,2.45,2.95,3.3,2.32,,,,,,
Mexico,Liga MX,2017/2018,17/03/2018,23:00,Cruz Azul,UNAM Pumas,1,1,D,1.75,3.85,5.17,1.79,3.86,5.2,1.71,3.62,4.75,,,,,,
Mexico,Liga MX,2017/2018,01/04/2018,18:00,UNAM Pumas,Necaxa,1,1,D,2.43,3.36,3.12,2.45,3.39,3.14,2.37,3.19,2.96,,,,,,
Mexico,Liga MX,2017/2018,08/04/2018,01:00,Monterrey,UNAM Pumas,2,1,H,1.46,4.91,7.39,1.48,5.0,7.4,1.43,4.52,6.66,,,,,,
Mexico,Liga MX,2017/2018,15/04/2018,18:00,UNAM Pumas,Puebla,4,2,H,2.22,3.43,3.55,2.25,3.45,3.58,2.15,3.28,3.31,,,,,,
Mexico,Liga MX,2017/2018,23/04/2018,00:00,Santos Laguna,UNAM Pumas,1,2,A,1.85,4.05,4.23,1.85,4.1,4.3,1.81,3.75,3.99,,,,,,
Mexico,Liga MX,2017/2018,29/04/2018,18:00,UNAM Pumas,Queretaro,1,1,D,1.64,3.94,6.23,1.73,3.97,6.5,1.62,3.75,5.38,,,,,,
Mexico,Liga MX,2017/2018,03/05/2018,01:30,UNAM Pumas,Club America,1,4,A,3.42,3.46,2.26,3.48,3.54,2.26,3.21,3.28,2.18,,,,,,
Mexico,Liga MX,2017/2018,06/05/2018,01:00,Club America,UNAM Pumas,2,1,H,1.76,4.06,4.57,1.79,4.1,4.75,1.73,3.8,4.33,,,,,,
Mexico,Liga MX,2018/2019,21/07/2018,01:00,Veracruz,UNAM Pumas,0,2,A,2.89,3.25,2.64,2.9,3.28,2.7,2.76,3.1,2.57,,,,,,
Mexico,Liga MX,2018/2019,29/07/2018,18:00,UNAM Pumas,Necaxa,5,3,H,2.28,3.37,3.35,2.37,3.43,3.4,2.23,3.21,3.19,,,,,,
Mexico,Liga MX,2018/2019,04/08/2018,03:00,Atlas,UNAM Pumas,0,3,A,2.29,3.56,3.17,2.37,3.6,3.21,2.26,3.34,3.05,,,,,,
Mexico,Liga MX,2018/2019,12/08/2018,22:00,UNAM Pumas,Pachuca,0,0,D,2.24,3.62,3.21,2.44,3.62,3.25,2.27,3.42,2.96,,,,,,
Mexico,Liga MX,2018/2019,19/08/2018,03:06,Monterrey,UNAM Pumas,1,0,H,1.59,4.29,5.82,1.61,4.54,6.13,1.53,4.17,5.58,,,,,,
Mexico,Liga MX,2018/2019,22/08/2018,01:00,UNAM Pumas,Queretaro,0,1,A,1.86,3.77,4.33,1.93,3.82,4.33,1.85,3.57,4.01,,,,,,
Mexico,Liga MX,2018/2019,26/08/2018,01:00,Club America,UNAM Pumas,2,2,D,1.68,3.89,5.59,1.71,4.0,5.59,1.64,3.79,5.12,,,,,,
Mexico,Liga MX,2018/2019,02/09/2018,01:00,Club Leon,UNAM Pumas,1,2,A,1.74,4.05,4.74,1.95,4.05,4.8,1.75,3.78,4.3,,,,,,
Mexico,Liga MX,2018/2019,16/09/2018,18:00,UNAM Pumas,Lobos BUAP,4,2,H,1.78,3.72,4.9,1.8,3.76,5.0,1.74,3.65,4.51,,,,,,
Mexico,Liga MX,2018/2019,22/09/2018,01:00,Monarcas,UNAM Pumas,0,0,D,2.6,3.61,2.67,2.64,3.64,2.8,2.52,3.43,2.62,,,,,,
Mexico,Liga MX,2018/2019,30/09/2018,18:00,UNAM Pumas,Puebla,2,2,D,1.95,3.56,4.17,1.99,3.7,4.42,1.85,3.5,4.11,,,,,,
Mexico,Liga MX,2018/2019,07/10/2018,03:06,Guadalajara Chivas,UNAM Pumas,1,2,A,2.31,3.34,3.35,2.4,3.35,3.43,2.24,3.23,3.21,,,,,,
Mexico,Liga MX,2018/2019,21/10/2018,22:30,UNAM Pumas,Tigres UANL,3,3,D,3.18,3.42,2.36,3.18,3.42,2.43,3.02,3.25,2.32,,,,,,
Mexico,Liga MX,2018/2019,28/10/2018,02:06,Club Tijuana,UNAM Pumas,0,1,A,1.83,3.84,4.38,1.83,3.9,4.8,1.76,3.71,4.35,,,,,,
Mexico,Liga MX,2018/2019,04/11/2018,18:00,UNAM Pumas,Cruz Azul,1,2,A,3.04,3.32,2.49,3.05,3.32,2.55,2.9,3.2,2.43,,,,,,
Mexico,Liga MX,2018/2019,11/11/2018,18:00,Toluca,UNAM Pumas,0,1,A,1.83,3.63,4.68,1.84,3.9,4.7,1.78,3.64,4.28,,,,,,
Mexico,Liga MX,2018/2019,25/11/2018,18:00,UNAM Pumas,Santos Laguna,1,1,D,2.61,3.5,2.77,2.61,3.57,2.84,2.47,3.39,2.71,,,,,,
Mexico,Liga MX,2018/2019,30/11/2018,03:00,Tigres UANL,UNAM Pumas,2,1,H,,,,1.62,4.05,6.5,1.56,3.84,5.79,,,,,,
Mexico,Liga MX,2018/2019,02/12/2018,18:00,UNAM Pumas,Tigres UANL,3,1,H,3.14,3.44,2.37,3.2,3.47,2.4,3.04,3.3,2.27,,,,,,
Mexico,Liga MX,2018/2019,07/12/2018,02:45,UNAM Pumas,Club America,1,1,D,3.4,3.33,2.29,3.4,3.4,2.32,3.2,3.28,2.21,,,,,,
Mexico,Liga MX,2018/2019,10/12/2018,00:45,Club America,UNAM Pumas,6,1,H,1.83,3.6,4.73,1.89,3.7,5.0,1.78,3.54,4.41,,,,,,
Mexico,Liga MX,2018/2019,06/01/2019,18:00,UNAM Pumas,Veracruz,0,0,D,1.47,4.65,6.91,1.52,4.65,7.05,1.45,4.33,6.56,,,,,,
Mexico,Liga MX,2018/2019,13/01/2019,03:00,Necaxa,UNAM Pumas,2,1,H,2.56,3.25,3.0,2.7,3.28,3.01,2.46,3.15,2.89,,,,,,
Mexico,Liga MX,2018/2019,20/01/2019,18:00,UNAM Pumas,Atlas,2,2,D,2.06,3.37,4.0,2.12,3.48,4.0,2.01,3.27,3.75,,,,,,
Mexico,Liga MX,2018/2019,27/01/2019,01:00,Pachuca,UNAM Pumas,1,0,H,2.0,3.58,3.94,2.02,3.65,4.03,1.94,3.47,3.77,,,,,,
Mexico,Liga MX,2018/2019,03/02/2019,18:00,UNAM Pumas,Monterrey,1,1,D,3.62,3.49,2.13,3.85,3.6,2.13,3.45,3.37,2.05,,,,,,
Mexico,Liga MX,2018/2019,09/02/2019,23:00,Queretaro,UNAM Pumas,0,2,A,2.77,3.36,2.68,2.77,3.37,2.71,2.65,3.23,2.59,,,,,,
Mexico,Liga MX,2018/2019,17/02/2019,18:00,UNAM Pumas,Club America,1,0,H,3.55,3.58,2.12,3.65,3.58,2.13,3.4,3.36,2.07,,,,,,
Mexico,Liga MX,2018/2019,24/02/2019,18:00,UNAM Pumas,Club Leon,1,3,A,2.81,3.47,2.58,2.86,3.47,2.6,2.7,3.3,2.49,,,,,,
Mexico,Liga MX,2018/2019,03/03/2019,22:00,Lobos BUAP,UNAM Pumas,2,1,H,3.37,3.4,2.27,3.37,3.4,2.3,3.14,3.25,2.23,,,,,,
Mexico,Liga MX,2018/2019,10/03/2019,18:00,UNAM Pumas,Monarcas,2,2,D,2.18,3.38,3.62,2.18,3.55,3.8,2.07,3.34,3.44,,,,,,
Mexico,Liga MX,2018/2019,16/03/2019,03:00,Puebla,UNAM Pumas,1,0,H,2.8,3.3,2.69,2.82,3.5,2.7,2.64,3.21,2.6,,,,,,
Mexico,Liga MX,2018/2019,31/03/2019,19:00,UNAM Pumas,Guadalajara Chivas,2,1,H,2.32,3.36,3.3,2.5,3.36,3.31,2.27,3.19,3.12,,,,,,
Mexico,Liga MX,2018/2019,07/04/2019,02:00,Tigres UANL,UNAM Pumas,2,0,H,1.35,5.25,9.13,1.44,5.25,9.2,1.36,4.77,7.79,,,,,,
Mexico,Liga MX,2018/2019,14/04/2019,18:00,UNAM Pumas,Club Tijuana,1,0,H,2.23,3.34,3.54,2.5,3.34,3.6,2.24,3.2,3.19,,,,,,
Mexico,Liga MX,2018/2019,21/04/2019,01:00,Cruz Azul,UNAM Pumas,2,1,H,1.56,4.45,5.72,1.67,4.45,6.0,1.56,3.95,5.42,,,,,,
Mexico,Liga MX,2018/2019,28/04/2019,18:00,UNAM Pumas,Toluca,2,2,D,3.3,3.78,2.16,3.3,3.78,2.25,3.11,3.5,2.13,,,,,,
Mexico,Liga MX,2018/2019,06/05/2019,00:06,Santos Laguna,UNAM Pumas,5,2,H,1.88,3.93,4.01,1.92,3.98,4.33,1.85,3.73,3.74,,,,,,
Mexico,Liga MX,2019/2020,20/07/2019,23:00,Atl. San Luis,UNAM Pumas,0,2,A,2.24,3.31,3.5,2.38,3.31,3.55,2.19,3.18,3.29,,,,,,
Mexico,Liga MX,2019/2020,28/07/2019,18:00,UNAM Pumas,Necaxa,2,0,H,2.09,3.42,3.79,2.25,3.5,3.79,2.12,3.27,3.36,,,,,,
Mexico,Liga MX,2019/2020,04/08/2019,18:00,UNAM Pumas,Tigres UANL,0,1,A,3.03,3.32,2.48,3.05,3.38,2.48,2.9,3.2,2.38,,,,,,
Mexico,Liga MX,2019/2020,10/08/2019,03:06,Club Tijuana,UNAM Pumas,1,0,H,1.91,3.74,4.11,1.94,3.74,4.3,1.87,3.48,3.9,,,,,,
Mexico,Liga MX,2019/2020,18/08/2019,18:00,UNAM Pumas,Veracruz,2,0,H,1.36,5.11,8.84,1.37,5.25,10.0,1.33,4.87,8.29,,,,,,
Mexico,Liga MX,2019/2020,24/08/2019,03:00,Monarcas,UNAM Pumas,2,0,H,2.38,3.57,2.99,2.45,3.57,3.0,2.33,3.38,2.85,,,,,,
Mexico,Liga MX,2019/2020,30/08/2019,03:00,Monterrey,UNAM Pumas,2,0,H,1.48,4.52,6.99,1.5,4.55,7.5,1.46,4.29,6.31,,,,,,
Mexico,Liga MX,2019/2020,01/09/2019,18:00,UNAM Pumas,Toluca,2,1,H,1.97,3.62,4.03,1.98,3.65,4.03,1.92,3.44,3.77,,,,,,
Mexico,Liga MX,2019/2020,15/09/2019,03:06,Club America,UNAM Pumas,1,1,D,2.1,3.31,3.89,2.11,3.45,3.9,2.02,3.27,3.65,,,,,,
Mexico,Liga MX,2019/2020,22/09/2019,18:00,UNAM Pumas,Cruz Azul,1,1,D,2.76,3.27,2.73,2.76,3.31,2.75,2.65,3.16,2.62,,,,,,
Mexico,Liga MX,2019/2020,29/09/2019,18:00,UNAM Pumas,Santos Laguna,2,0,H,2.33,3.66,3.01,2.41,3.66,3.1,2.27,3.43,2.9,,,,,,
Mexico,Liga MX,2019/2020,06/10/2019,03:05,Guadalajara Chivas,UNAM Pumas,1,1,D,2.48,3.36,2.99,2.52,3.5,3.05,2.38,3.26,2.86,,,,,,
Mexico,Liga MX,2019/2020,20/10/2019,18:00,UNAM Pumas,Club Leon,1,2,A,2.44,3.59,2.89,2.55,3.59,2.9,2.4,3.36,2.77,,,,,,
Mexico,Liga MX,2019/2020,26/10/2019,23:00,Queretaro,UNAM Pumas,3,0,H,2.2,3.47,3.42,2.3,3.55,3.42,2.14,3.36,3.21,,,,,,
Mexico,Liga MX,2019/2020,30/10/2019, 03:00,UNAM Pumas,Atlas,5,1,H,,,,2.08,3.5,4.25,1.95,3.26,3.87,,,,,,
Mexico,Liga MX,2019/2020,02/11/2019,01:00,Puebla,UNAM Pumas,1,1,D,3.27,3.42,2.29,3.3,3.48,2.3,3.1,3.3,2.2,,,,,,
Mexico,Liga MX,2019/2020,10/11/2019,18:00,UNAM Pumas,Juarez,1,1,D,1.69,3.89,5.28,1.73,4.0,6.0,1.64,3.7,5.09,,,,,,
Mexico,Liga MX,2019/2020,24/11/2019,03:00,Pachuca,UNAM Pumas,2,0,H,1.85,3.93,4.15,1.92,3.93,4.2,1.84,3.68,3.86,,,,,,
Mexico,Liga MX,2019/2020,12/01/2020,18:00,UNAM Pumas,Pachuca,2,1,H,2.79,3.48,2.54,2.85,3.52,2.55,2.71,3.34,2.45,,,,,,
Mexico,Liga MX,2019/2020,17/01/2020,03:15,Juarez,UNAM Pumas,4,4,D,2.76,3.15,2.78,2.8,3.3,2.82,2.64,3.08,2.66,,,,,,
Mexico,Liga MX,2019/2020,26/01/2020,18:00,UNAM Pumas,Monterrey,1,0,H,3.14,3.58,2.26,3.25,3.58,2.3,3.05,3.37,2.21,,,,,,
Mexico,Liga MX,2019/2020,02/02/2020,03:00,Santos Laguna,UNAM Pumas,1,1,D,1.79,3.82,4.53,1.84,3.95,4.75,1.75,3.7,4.27,,,,,,
Mexico,Liga MX,2019/2020,09/02/2020,18:00,UNAM Pumas,Atl. San Luis,4,0,H,2.08,3.35,3.83,2.12,3.58,3.95,2.01,3.29,3.6,,,,,,
Mexico,Liga MX,2019/2020,15/02/2020,23:00,Toluca,UNAM Pumas,2,3,A,2.56,3.56,2.71,2.56,3.6,2.87,2.45,3.37,2.67,,,,,,
Mexico,Liga MX,2019/2020,23/02/2020,18:00,UNAM Pumas,Monarcas,1,2,A,1.98,3.96,3.56,2.05,3.96,3.8,1.97,3.63,3.41,,,,,,
Mexico,Liga MX,2019/2020,01/03/2020,03:00,Tigres UANL,UNAM Pumas,3,0,H,1.91,3.64,4.19,1.91,3.7,4.33,1.85,3.52,3.98,,,,,,
Mexico,Liga MX,2019/2020,07/03/2020,02:00,UNAM Pumas,Club America,3,3,D,2.92,3.07,2.69,2.92,3.42,2.74,2.75,3.09,2.58,,,,,,
Mexico,Liga MX,2019/2020,15/03/2020,01:00,Club Leon,UNAM Pumas,3,1,H,2.04,3.53,3.76,2.08,3.78,3.8,1.99,3.56,3.5,,,,,,
Mexico,Liga MX,2020/2021,26/07/2020,18:00,UNAM Pumas,Queretaro,3,2,H,2.09,3.5,3.62,2.17,3.64,3.84,2.05,3.41,3.48,,,,,,
Mexico,Liga MX,2020/2021,04/08/2020,01:00,Atlas,UNAM Pumas,1,2,A,2.56,3.35,2.85,2.63,3.58,2.92,2.49,3.32,2.72,,,,,,
Mexico,Liga MX,2020/2021,09/08/2020,18:00,UNAM Pumas,Juarez,1,1,D,1.87,3.8,4.16,1.96,3.85,4.35,1.83,3.65,3.98,,,,,,
Mexico,Liga MX,2020/2021,13/08/2020,03:00,UNAM Pumas,Monterrey,1,1,D,2.98,3.52,2.38,3.06,3.6,2.51,2.88,3.38,2.34,,,,,,
Mexico,Liga MX,2020/2021,16/08/2020,03:00,Mazatlan FC,UNAM Pumas,0,0,D,2.28,3.49,3.17,2.35,3.78,3.26,2.22,3.38,3.07,,,,,,
Mexico,Liga MX,2020/2021,23/08/2020,01:00,Tigres UANL,UNAM Pumas,1,1,D,1.57,4.13,6.07,1.63,4.25,6.55,1.56,4.03,5.52,,,,,,
Mexico,Liga MX,2020/2021,30/08/2020,18:00,UNAM Pumas,Club Tijuana,3,0,H,2.08,3.51,3.59,2.17,3.68,3.7,2.06,3.42,3.43,,,,,,
Mexico,Liga MX,2020/2021,05/09/2020,23:00,UNAM Pumas,Puebla,4,1,H,1.76,3.94,4.61,1.83,3.96,4.78,1.76,3.68,4.34,,,,,,
Mexico,Liga MX,2020/2021,10/09/2020,03:06,Santos Laguna,UNAM Pumas,1,2,A,2.08,3.52,3.65,2.12,3.52,3.8,2.02,3.4,3.5,,,,,,
Mexico,Liga MX,2020/2021,13/09/2020,18:00,UNAM Pumas,Atl. San Luis,3,0,H,1.95,3.65,4.11,1.99,3.85,4.2,1.85,3.6,3.93,,,,,,
Mexico,Liga MX,2020/2021,22/09/2020,03:00,Club Leon,UNAM Pumas,2,0,H,1.73,4.18,4.69,1.76,4.18,4.85,1.69,3.95,4.44,,,,,,
Mexico,Liga MX,2020/2021,27/09/2020,01:00,UNAM Pumas,Necaxa,1,1,D,2.25,3.62,3.25,2.26,3.66,3.37,2.14,3.5,3.14,,,,,,
Mexico,Liga MX,2020/2021,04/10/2020,03:00,Club America,UNAM Pumas,2,2,D,2.2,3.57,3.4,2.2,3.72,3.4,2.11,3.47,3.23,,,,,,
Mexico,Liga MX,2020/2021,18/10/2020,18:00,UNAM Pumas,Toluca,1,0,H,2.01,3.74,3.79,2.05,3.87,3.83,1.92,3.66,3.6,,,,,,
Mexico,Liga MX,2020/2021,27/10/2020,03:00,Pachuca,UNAM Pumas,1,1,D,1.9,3.58,4.45,1.98,3.72,4.59,1.84,3.48,4.13,,,,,,
Mexico,Liga MX,2020/2021,01/11/2020,01:00,UNAM Pumas,Guadalajara Chivas,2,2,D,2.34,3.42,3.24,2.4,3.42,3.26,2.29,3.26,3.05,,,,,,
Mexico,Liga MX,2020/2021,08/11/2020,03:00,Cruz Azul,UNAM Pumas,1,2,A,1.74,3.88,5.05,1.81,4.1,5.05,1.72,3.8,4.45,,,,,,
Mexico,Liga MX,2020/2021,27/11/2020,03:06,Pachuca,UNAM Pumas,0,1,A,1.92,3.54,4.42,2.0,3.63,4.68,1.89,3.35,4.1,,,,,,
Mexico,Liga MX,2020/2021,29/11/2020,18:00,UNAM Pumas,Pachuca,0,0,D,3.71,3.74,2.03,3.9,3.74,2.04,3.63,3.46,1.97,,,,,,
Mexico,Liga MX,2020/2021,04/12/2020,03:00,Cruz Azul,UNAM Pumas,4,0,H,1.7,3.95,5.3,1.73,4.15,5.45,1.67,3.78,4.78,,,,,,
Mexico,Liga MX,2020/2021,07/12/2020,00:30,UNAM Pumas,Cruz Azul,4,0,H,3.22,3.72,2.23,3.22,3.72,2.44,2.96,3.46,2.24,,,,,,
Mexico,Liga MX,2020/2021,11/12/2020,03:00,UNAM Pumas,Club Leon,1,1,D,3.86,3.33,2.13,4.35,3.5,2.13,3.72,3.28,2.01,,,,,,
Mexico,Liga MX,2020/2021,15/12/2020,02:30,Club Leon,UNAM Pumas,2,0,H,1.62,4.15,5.78,1.67,4.32,5.88,1.59,3.98,5.18,,,,,,
Mexico,Liga MX,2020/2021,09/01/2021,03:06,Club Tijuana,UNAM Pumas,0,0,D,2.04,3.62,3.81,2.13,3.68,3.94,1.98,3.42,3.62,,,,,,
Mexico,Liga MX,2020/2021,17/01/2021,18:00,UNAM Pumas,Mazatlan FC,3,0,H,2.16,3.69,3.4,2.21,3.7,4.2,2.11,3.46,3.25,,,,,,
Mexico,Liga MX,2020/2021,25/01/2021,01:00,Queretaro,UNAM Pumas,2,0,H,2.29,3.33,3.45,2.31,3.45,3.62,2.17,3.21,3.37,,,,,,
Mexico,Liga MX,2020/2021,31/01/2021,18:00,UNAM Pumas,Atlas,0,0,D,2.8,3.12,2.86,2.8,3.2,2.9,2.71,3.0,2.72,,,,,,
Mexico,Liga MX,2020/2021,07/02/2021,03:06,Monterrey,UNAM Pumas,1,0,H,1.47,4.43,8.01,1.55,4.45,8.03,1.46,4.18,6.8,,,,,,
Mexico,Liga MX,2020/2021,14/02/2021,18:00,Toluca,UNAM Pumas,1,0,H,1.95,3.68,4.07,1.99,3.84,4.2,1.9,3.55,3.8,,,,,,
Mexico,Liga MX,2020/2021,21/02/2021,18:00,UNAM Pumas,Club Leon,0,1,A,4.01,3.75,1.95,4.2,3.75,2.08,3.75,3.52,1.92,,,,,,
Mexico,Liga MX,2020/2021,01/03/2021,03:00,Guadalajara Chivas,UNAM Pumas,2,1,H,1.9,3.45,4.68,2.07,3.6,4.68,1.86,3.35,4.29,,,,,,
Mexico,Liga MX,2020/2021,05/03/2021,03:00,UNAM Pumas,Santos Laguna,1,0,H,3.51,3.26,2.29,3.51,3.37,2.32,3.26,3.14,2.23,,,,,,
Mexico,Liga MX,2020/2021,08/03/2021,03:00,UNAM Pumas,Cruz Azul,0,1,A,5.79,3.85,1.67,6.0,3.86,1.69,5.41,3.63,1.63,,,,,,
Mexico,Liga MX,2020/2021,13/03/2021,03:30,Juarez,UNAM Pumas,1,1,D,2.42,3.24,3.27,2.43,3.31,3.47,2.3,3.14,3.13,,,,,,
Mexico,Liga MX,2020/2021,20/03/2021,23:00,Atl. San Luis,UNAM Pumas,0,1,A,2.56,3.08,3.19,2.58,3.31,3.19,2.44,3.04,3.0,,,,,,
Mexico,Liga MX,2020/2021,04/04/2021,18:00,UNAM Pumas,Pachuca,2,2,D,3.83,3.25,2.18,3.97,3.34,2.18,3.6,3.11,2.12,,,,,,
Mexico,Liga MX,2020/2021,10/04/2021,01:30,Necaxa,UNAM Pumas,0,1,A,2.32,3.41,3.29,2.36,3.41,3.44,2.27,3.18,3.17,,,,,,
Mexico,Liga MX,2020/2021,18/04/2021,18:00,UNAM Pumas,Tigres UANL,0,0,D,3.46,3.39,2.25,3.46,3.39,2.29,3.29,3.24,2.18,,,,,,
Mexico,Liga MX,2020/2021,24/04/2021,01:30,Puebla,UNAM Pumas,0,0,D,1.93,3.6,4.3,1.95,3.78,4.44,1.88,3.45,4.03,,,,,,
Mexico,Liga MX,2020/2021,03/05/2021,03:05,UNAM Pumas,Club America,0,1,A,2.61,3.23,2.99,2.62,3.23,3.1,2.49,3.09,2.91,,,,,,
Mexico,Liga MX,2021/2022,25/07/2021,18:00,UNAM Pumas,Atlas,0,0,D,3.7,3.42,2.15,3.79,3.43,2.2,3.45,3.22,2.13,,,,,,
Mexico,Liga MX,2021/2022,01/08/2021,03:00,Monterrey,UNAM Pumas,2,0,H,1.45,4.6,7.98,1.47,4.75,8.18,1.42,4.41,7.19,,,,,,
Mexico,Liga MX,2021/2022,08/08/2021,18:00,UNAM Pumas,Atl. San Luis,1,3,A,2.41,3.31,3.22,2.44,3.4,3.25,2.33,3.15,3.1,,,,,,
Mexico,Liga MX,2021/2022,14/08/2021,23:00,UNAM Pumas,Queretaro,0,0,D,2.77,3.12,2.89,2.78,3.22,2.89,2.67,3.02,2.75,,,,,,
Mexico,Liga MX,2021/2022,18/08/2021,03:00,Necaxa,UNAM Pumas,3,0,H,1.82,3.75,4.69,1.88,3.75,4.82,1.8,3.58,4.3,,,,,,
Mexico,Liga MX,2021/2022,22/08/2021,18:00,UNAM Pumas,Puebla,2,0,H,3.04,3.14,2.63,3.2,3.17,2.63,2.92,3.03,2.52,,,,,,
Mexico,Liga MX,2021/2022,29/08/2021,18:00,Toluca,UNAM Pumas,2,1,H,1.83,3.8,4.52,1.85,3.88,4.75,1.78,3.65,4.32,,,,,,
Mexico,Liga MX,2021/2022,12/09/2021,23:00,UNAM Pumas,Guadalajara Chivas,0,0,D,4.13,3.13,2.14,4.15,3.29,2.2,3.79,3.07,2.09,,,,,,
Mexico,Liga MX,2021/2022,19/09/2021,03:00,Mazatlan FC,UNAM Pumas,2,2,D,2.06,3.26,4.21,2.18,3.28,4.33,2.02,3.13,3.96,,,,,,
Mexico,Liga MX,2021/2022,26/09/2021,01:00,Tigres UANL,UNAM Pumas,0,0,D,1.43,4.68,8.25,1.45,5.0,9.2,1.41,4.47,7.49,,,,,,
Mexico,Liga MX,2021/2022,03/10/2021,23:00,Club America,UNAM Pumas,2,0,H,1.59,3.8,7.17,1.61,3.95,7.18,1.57,3.69,6.38,,,,,,
Mexico,Liga MX,2021/2022,17/10/2021,18:00,UNAM Pumas,Juarez,1,0,H,2.12,3.31,3.93,2.17,3.32,3.98,2.08,3.15,3.68,,,,,,
Mexico,Liga MX,2021/2022,21/10/2021,01:00,Club Leon,UNAM Pumas,1,2,A,1.61,3.93,6.45,1.64,4.1,6.45,1.58,3.84,5.71,,,,,,
Mexico,Liga MX,2021/2022,24/10/2021,18:00,UNAM Pumas,Club Tijuana,3,1,H,1.81,3.58,5.03,1.93,3.7,5.03,1.81,3.45,4.41,,,,,,
Mexico,Liga MX,2021/2022,31/10/2021,01:06,Pachuca,UNAM Pumas,1,1,D,1.84,3.61,4.76,1.85,3.65,4.89,1.8,3.45,4.4,,,,,,
Mexico,Liga MX,2021/2022,05/11/2021,01:00,UNAM Pumas,Santos Laguna,0,3,A,2.46,3.35,3.09,2.49,3.48,3.1,2.37,3.24,2.95,,,,,,
Mexico,Liga MX,2021/2022,07/11/2021,23:00,UNAM Pumas,Cruz Azul,4,3,H,2.87,3.14,2.77,2.95,3.27,2.8,2.8,3.05,2.61,,,,,,
Mexico,Liga MX,2021/2022,21/11/2021,23:00,Toluca,UNAM Pumas,1,2,A,2.34,3.2,3.48,2.38,3.43,3.48,2.27,3.15,3.24,,,,,,
Mexico,Liga MX,2021/2022,25/11/2021,01:00,UNAM Pumas,Club America,0,0,D,3.35,2.88,2.62,3.5,3.0,2.63,3.23,2.83,2.47,,,,,,
Mexico,Liga MX,2021/2022,28/11/2021,01:00,Club America,UNAM Pumas,1,3,A,2.03,3.29,4.31,2.08,3.38,4.31,2.0,3.18,3.97,,,,,,
Mexico,Liga MX,2021/2022,03/12/2021,03:00,UNAM Pumas,Atlas,0,1,A,,,,3.07,2.79,3.1,2.9,2.63,2.89,,,,,,
Mexico,Liga MX,2021/2022,06/12/2021,01:00,Atlas,UNAM Pumas,0,1,A,2.16,3.13,4.06,2.21,3.32,4.3,2.07,3.08,3.83,,,,,,
Mexico,Liga MX,2021/2022,11/01/2022,03:00,UNAM Pumas,Toluca,5,0,H,2.34,3.3,3.37,2.34,3.49,3.4,2.24,3.24,3.2,,,,,,
Mexico,Liga MX,2021/2022,15/01/2022,01:00,Queretaro,UNAM Pumas,1,3,A,3.12,3.04,2.65,3.15,3.2,2.65,2.97,3.02,2.5,,,,,,
Mexico,Liga MX,2021/2022,23/01/2022,18:00,UNAM Pumas,Tigres UANL,1,2,A,2.87,3.3,2.68,2.9,3.42,2.68,2.77,3.15,2.53,,,,,,
Mexico,Liga MX,2021/2022,06/02/2022,03:06,Club Tijuana,UNAM Pumas,1,0,H,2.27,3.53,3.28,2.27,3.55,3.3,2.19,3.38,3.15,,,,,,
Mexico,Liga MX,2021/2022,13/02/2022,18:00,UNAM Pumas,Club Leon,2,1,H,2.43,3.47,3.05,2.43,3.5,3.05,2.36,3.35,2.9,,,,,,
Mexico,Liga MX,2021/2022,21/02/2022,02:05,Atlas,UNAM Pumas,0,0,D,1.98,3.18,4.76,2.0,3.36,4.76,1.94,3.12,4.31,,,,,,
Mexico,Liga MX,2021/2022,27/02/2022,03:00,UNAM Pumas,Club America,0,0,D,3.02,3.2,2.61,3.03,3.43,2.78,2.79,3.14,2.56,,,,,,
Mexico,Liga MX,2021/2022,03/03/2022,03:00,Santos Laguna,UNAM Pumas,3,2,H,2.09,3.39,3.93,2.13,3.57,3.95,2.04,3.32,3.64,,,,,,
Mexico,Liga MX,2021/2022,13/03/2022,01:00,Cruz Azul,UNAM Pumas,2,1,H,2.29,3.26,3.51,2.31,3.42,3.8,2.18,3.2,3.38,,,,,,
Mexico,Liga MX,2021/2022,19/03/2022,23:00,UNAM Pumas,Necaxa,1,3,A,2.25,3.29,3.58,2.25,3.41,3.6,2.13,3.22,3.47,,,,,,
Mexico,Liga MX,2021/2022,26/03/2022,23:00,UNAM Pumas,Mazatlan FC,1,1,D,1.53,4.29,6.94,1.56,4.29,7.0,1.51,4.04,6.27,,,,,,
Mexico,Liga MX,2021/2022,03/04/2022,04:00,Juarez,UNAM Pumas,0,1,A,3.12,3.0,2.68,3.13,3.2,2.7,2.92,2.99,2.57,,,,,,
Mexico,Liga MX,2021/2022,09/04/2022,01:00,Puebla,UNAM Pumas,2,2,D,1.85,3.81,4.38,1.87,3.82,5.2,1.8,3.65,4.2,,,,,,
Mexico,Liga MX,2021/2022,17/04/2022,18:00,UNAM Pumas,Monterrey,2,0,H,2.7,3.29,2.83,3.05,3.34,2.83,2.67,3.15,2.67,,,,,,
Mexico,Liga MX,2021/2022,21/04/2022,01:00,Atl. San Luis,UNAM Pumas,2,0,H,1.93,3.59,4.3,1.93,3.67,4.43,1.87,3.43,4.13,,,,,,
Mexico,Liga MX,2021/2022,24/04/2022,03:00,Guadalajara Chivas,UNAM Pumas,3,1,H,2.26,3.26,3.59,2.26,3.46,3.85,2.14,3.23,3.46,,,,,,
Mexico,Liga MX,2021/2022,01/05/2022,18:00,UNAM Pumas,Pachuca,2,0,H,3.39,3.61,2.19,3.5,3.69,2.53,3.19,3.47,2.15,,,,,,
Mexico,Liga MX,2021/2022,09/05/2022,01:15,Guadalajara Chivas,UNAM Pumas,4,1,H,2.03,3.33,4.26,2.1,3.38,4.4,2.03,3.17,3.86,,,,,,
Mexico,Liga MX,2022/2023,03/07/2022,18:00,UNAM Pumas,Club Tijuana,1,1,D,1.9,3.69,4.31,1.97,3.69,4.33,1.85,3.51,4.08,,,,,,
Mexico,Liga MX,2022/2023,10/07/2022,01:00,Club Leon,UNAM Pumas,3,3,D,1.99,3.82,3.77,2.02,3.89,3.83,1.94,3.69,3.53,,,,,,
Mexico,Liga MX,2022/2023,17/07/2022,18:00,UNAM Pumas,Necaxa,1,0,H,2.24,3.42,3.46,2.29,3.5,3.46,2.18,3.31,3.22,,,,,,
Mexico,Liga MX,2022/2023,25/07/2022,01:00,Pachuca,UNAM Pumas,0,0,D,1.66,3.97,5.68,1.68,4.03,5.68,1.62,3.79,5.13,,,,,,
Mexico,Liga MX,2022/2023,28/07/2022,03:05,UNAM Pumas,Mazatlan FC,1,1,D,1.7,3.94,5.26,1.74,3.94,5.4,1.68,3.66,4.89,,,,,,
Mexico,Liga MX,2022/2023,31/07/2022,18:00,UNAM Pumas,Monterrey,1,1,D,2.63,3.27,2.93,2.72,3.48,2.93,2.6,3.26,2.61,,,,,,
Mexico,Liga MX,2022/2023,14/08/2022,01:05,UNAM Pumas,Club America,0,3,A,3.3,3.34,2.35,3.5,3.4,2.35,3.12,3.21,2.27,,,,,,
Mexico,Liga MX,2022/2023,19/08/2022,03:05,Atl. San Luis,UNAM Pumas,3,2,H,2.58,3.36,2.92,2.58,3.4,2.95,2.46,3.21,2.83,,,,,,
Mexico,Liga MX,2022/2023,21/08/2022,18:00,UNAM Pumas,Santos Laguna,1,5,A,2.59,3.33,2.94,2.59,3.47,3.14,2.49,3.23,2.78,,,,,,
Mexico,Liga MX,2022/2023,25/08/2022,03:05,UNAM Pumas,Tigres UANL,1,1,D,3.4,3.37,2.29,3.5,3.49,2.33,3.21,3.24,2.22,,,,,,
Mexico,Liga MX,2022/2023,28/08/2022,03:05,Guadalajara Chivas,UNAM Pumas,3,1,H,1.76,3.73,5.13,1.87,3.75,5.25,1.74,3.56,4.73,,,,,,
Mexico,Liga MX,2022/2023,04/09/2022,01:05,Atlas,UNAM Pumas,0,0,D,1.98,3.74,3.91,2.05,3.75,3.91,1.99,3.48,3.54,,,,,,
Mexico,Liga MX,2022/2023,08/09/2022,03:05,UNAM Pumas,Queretaro,4,1,H,1.97,3.63,4.08,1.97,3.72,4.27,1.9,3.52,3.84,,,,,,
Mexico,Liga MX,2022/2023,11/09/2022,03:05,Toluca,UNAM Pumas,2,2,D,2.38,3.7,2.96,2.45,3.72,3.09,2.32,3.47,2.83,,,,,,
Mexico,Liga MX,2022/2023,18/09/2022,23:00,UNAM Pumas,Cruz Azul,1,2,A,2.45,3.55,2.96,2.56,3.56,3.0,2.39,3.41,2.78,,,,,,
Mexico,Liga MX,2022/2023,24/09/2022,03:05,Puebla,UNAM Pumas,2,1,H,2.37,3.59,3.06,2.37,3.75,3.2,2.25,3.5,2.94,,,,,,
Mexico,Liga MX,2022/2023,01/10/2022,03:00,Juarez,UNAM Pumas,3,1,H,2.09,3.59,3.7,2.1,3.66,3.85,2.02,3.5,3.46,,,,,,
Mexico,Liga MX,2022/2023,08/01/2023,18:00,UNAM Pumas,Juarez,2,1,H,2.24,3.27,3.63,2.31,3.46,3.63,2.23,3.17,3.25,,,,,,
Mexico,Liga MX,2022/2023,15/01/2023,03:05,Santos Laguna,UNAM Pumas,3,0,H,2.22,3.7,3.26,2.23,3.78,3.4,2.14,3.53,3.1,,,,,,
Mexico,Liga MX,2022/2023,22/01/2023,18:00,UNAM Pumas,Club Leon,4,1,H,2.27,3.78,3.09,2.31,3.84,3.09,2.22,3.59,2.92,,,,,,
Mexico,Liga MX,2022/2023,28/01/2023,03:05,Club Tijuana,UNAM Pumas,0,0,D,1.99,3.72,3.87,2.04,3.75,4.0,1.97,3.53,3.59,,,,,,
Mexico,Liga MX,2022/2023,05/02/2023,18:00,UNAM Pumas,Atlas,2,2,D,2.76,3.32,2.75,2.77,3.45,2.8,2.64,3.19,2.65,,,,,,
Mexico,Liga MX,2022/2023,12/02/2023,01:05,Tigres UANL,UNAM Pumas,4,2,H,1.42,4.97,7.98,1.45,5.1,8.19,1.4,4.64,7.17,,,,,,
Mexico,Liga MX,2022/2023,16/02/2023,03:05,Necaxa,UNAM Pumas,3,1,H,2.92,3.46,2.52,2.92,3.61,2.72,2.73,3.36,2.47,,,,,,
Mexico,Liga MX,2022/2023,19/02/2023,03:05,UNAM Pumas,Guadalajara Chivas,1,2,A,2.36,3.39,3.24,2.46,3.5,3.28,2.32,3.26,3.0,,,,,,
Mexico,Liga MX,2022/2023,25/02/2023,03:10,Mazatlan FC,UNAM Pumas,1,2,A,2.43,3.66,2.91,2.5,3.71,2.93,2.36,3.49,2.78,,,,,,
Mexico,Liga MX,2022/2023,05/03/2023,18:00,UNAM Pumas,Puebla,2,4,A,1.64,4.29,5.36,1.67,4.33,5.72,1.6,4.1,4.94,,,,,,
Mexico,Liga MX,2022/2023,12/03/2023,01:05,Cruz Azul,UNAM Pumas,1,0,H,2.13,3.61,3.55,2.13,3.66,3.8,2.06,3.48,3.36,,,,,,
Mexico,Liga MX,2022/2023,19/03/2023,18:00,UNAM Pumas,Pachuca,0,2,A,2.65,3.42,2.8,2.85,3.5,2.84,2.56,3.33,2.63,,,,,,
Mexico,Liga MX,2022/2023,03/04/2023,02:05,Queretaro,UNAM Pumas,1,0,H,2.87,3.48,2.55,2.96,3.52,2.58,2.73,3.34,2.46,,,,,,
Mexico,Liga MX,2022/2023,09/04/2023,19:00,UNAM Pumas,Atl. San Luis,3,1,H,1.89,3.8,4.19,1.94,3.8,4.32,1.85,3.58,3.96,,,,,,
Mexico,Liga MX,2022/2023,16/04/2023,19:00,UNAM Pumas,Toluca,3,1,H,2.86,3.9,2.37,3.08,3.94,2.39,2.79,3.65,2.27,,,,,,
Mexico,Liga MX,2022/2023,23/04/2023,04:10,Club America,UNAM Pumas,1,1,D,1.56,4.59,5.74,1.61,4.8,6.0,1.55,4.35,5.18,,,,,,
Mexico,Liga MX,2022/2023,30/04/2023,02:05,Monterrey,UNAM Pumas,4,1,H,1.71,4.15,4.83,1.74,4.3,5.01,1.68,3.94,4.53,,,,,,
Mexico,Liga MX,2023/2024,01/07/2023,04:10,Club Tijuana,UNAM Pumas,2,3,A,2.01,3.82,3.7,2.05,3.86,4.0,1.95,3.59,3.6,,,,,,
Mexico,Liga MX,2023/2024,09/07/2023,19:00,UNAM Pumas,Mazatlan FC,0,0,D,1.46,4.98,7.11,1.69,5.2,7.5,1.42,4.75,6.52,,,,,,
Mexico,Liga MX,2023/2024,17/07/2023,03:15,Pachuca,UNAM Pumas,1,1,D,2.08,3.91,3.43,2.05,3.89,3.85,1.96,3.65,3.44,,,,,,
Mexico,Liga MX,2023/2024,19/08/2023,04:00,UNAM Pumas,Toluca,1,1,D,2.7,3.75,2.56,2.71,3.78,2.57,2.58,3.57,2.45,,,,,,
Mexico,Liga MX,2023/2024,23/08/2023,04:06,Juarez,UNAM Pumas,4,1,H,3.01,3.55,2.42,3.1,3.55,2.45,2.88,3.37,2.33,,,,,,
Mexico,Liga MX,2023/2024,28/08/2023,01:05,UNAM Pumas,Tigres UANL,2,1,H,3.1,3.51,2.38,3.23,3.51,2.6,2.9,3.32,2.35,,,,,,
Mexico,Liga MX,2023/2024,03/09/2023,02:00,Santos Laguna,UNAM Pumas,2,1,H,1.88,4.13,3.91,1.91,4.13,3.91,1.86,3.85,3.65,,,,,,
Mexico,Liga MX,2023/2024,17/09/2023,19:00,UNAM Pumas,Atl. San Luis,3,2,H,1.94,4.01,3.77,2.01,4.01,3.8,1.91,3.71,3.58,,,,,,
Mexico,Liga MX,2023/2024,23/09/2023,04:10,Puebla,UNAM Pumas,0,2,A,3.55,4.15,1.97,3.62,4.15,2.04,3.39,3.82,1.95,,,,,,
Mexico,Liga MX,2023/2024,01/10/2023,01:45,Club America,UNAM Pumas,1,0,H,1.76,4.07,4.63,1.77,4.15,4.75,1.72,3.92,4.29,,,,,,
Mexico,Liga MX,2023/2024,05/10/2023,02:00,UNAM Pumas,Queretaro,4,0,H,1.83,3.81,4.5,1.91,3.9,4.59,1.82,3.62,4.08,,,,,,
Mexico,Liga MX,2023/2024,08/10/2023,04:10,Cruz Azul,UNAM Pumas,1,4,A,2.34,3.75,2.99,2.47,3.75,3.14,2.28,3.6,2.83,,,,,,
Mexico,Liga MX,2023/2024,22/10/2023,19:00,UNAM Pumas,Monterrey,0,1,A,2.38,3.59,3.04,2.44,3.62,3.1,2.29,3.49,2.89,,,,,,
Mexico,Liga MX,2023/2024,28/10/2023,02:00,Necaxa,UNAM Pumas,1,0,H,4.1,3.97,1.88,4.2,4.0,1.88,3.94,3.82,1.8,,,,,,
Mexico,Liga MX,2023/2024,01/11/2023,03:00,Club Leon,UNAM Pumas,1,1,D,1.79,4.05,4.46,2.02,4.05,4.5,1.81,3.74,3.99,,,,,,
Mexico,Liga MX,2023/2024,05/11/2023,18:00,UNAM Pumas,Atlas,3,0,H,1.88,3.77,4.3,1.9,3.77,4.32,1.84,3.6,4.04,,,,,,
Mexico,Liga MX,2023/2024,12/11/2023,01:00,UNAM Pumas,Guadalajara Chivas,1,0,H,1.92,3.89,3.97,2.06,3.89,4.09,1.89,3.65,3.73,,,,,,
Mexico,Liga MX,2023/2024,01/12/2023,03:05,Guadalajara Chivas,UNAM Pumas,1,0,H,,,,2.42,3.34,3.3,2.25,3.22,3.18,,,,,,
Mexico,Liga MX,2023/2024,04/12/2023,00:00,UNAM Pumas,Guadalajara Chivas,3,0,H,1.98,3.6,4.07,2.15,3.6,4.07,1.98,3.4,3.67,,,,,,
Mexico,Liga MX,2023/2024,08/12/2023,03:00,UNAM Pumas,Tigres UANL,0,1,A,2.7,2.99,3.1,2.7,3.19,3.1,2.56,2.96,2.94,,,,,,
Mexico,Liga MX,2023/2024,11/12/2023,02:00,Tigres UANL,UNAM Pumas,1,1,D,1.81,3.79,4.69,1.86,4.01,4.69,1.77,3.67,4.3,,,,,,
Mexico,Liga MX,2023/2024,14/01/2024,18:00,UNAM Pumas,Juarez,1,0,H,1.61,4.33,5.63,1.63,4.33,5.63,1.58,4.06,5.08,,,,,,
Mexico,Liga MX,2023/2024,20/01/2024,03:00,Atl. San Luis,UNAM Pumas,3,1,H,2.91,3.24,2.67,2.91,3.4,2.67,2.72,3.23,2.55,,,,,,
Mexico,Liga MX,2023/2024,28/01/2024,23:15,UNAM Pumas,Pachuca,3,1,H,2.03,3.61,3.85,2.12,3.66,3.85,2.02,3.47,3.52,,,,,,
Mexico,Liga MX,2023/2024,01/02/2024,03:00,UNAM Pumas,Necaxa,2,2,D,1.7,4.0,5.22,1.71,4.1,5.36,1.65,3.85,4.95,,,,,,
Mexico,Liga MX,2023/2024,04/02/2024,01:05,Tigres UANL,UNAM Pumas,2,2,D,1.75,3.9,4.96,1.8,4.0,4.96,1.74,3.69,4.5,,,,,,
Mexico,Liga MX,2023/2024,11/02/2024,18:00,UNAM Pumas,Puebla,3,0,H,1.7,4.13,5.02,1.7,4.25,5.02,1.64,4.04,4.68,,,,,,
Mexico,Liga MX,2023/2024,15/02/2024,03:00,Atlas,UNAM Pumas,0,0,D,3.09,3.08,2.64,3.09,3.2,2.67,2.87,3.08,2.52,,,,,,
Mexico,Liga MX,2023/2024,19/02/2024,00:05,UNAM Pumas,Santos Laguna,3,0,H,1.62,4.26,5.63,1.65,4.26,5.63,1.59,4.02,5.19,,,,,,
Mexico,Liga MX,2023/2024,25/02/2024,01:05,Guadalajara Chivas,UNAM Pumas,3,1,H,2.19,3.5,3.49,2.2,3.5,3.5,2.12,3.4,3.31,,,,,,
Mexico,Liga MX,2023/2024,04/03/2024,01:00,Monterrey,UNAM Pumas,3,0,H,1.69,4.01,5.24,1.74,4.01,5.35,1.66,3.85,4.79,,,,,,
Mexico,Liga MX,2023/2024,10/03/2024,18:00,UNAM Pumas,Club Tijuana,3,3,D,1.63,4.23,5.5,1.65,4.23,5.5,1.61,4.02,5.05,,,,,,
Mexico,Liga MX,2023/2024,18/03/2024,01:00,Toluca,UNAM Pumas,3,0,H,1.8,3.98,4.47,1.82,3.98,4.5,1.77,3.79,4.15,,,,,,
Mexico,Liga MX,2023/2024,31/03/2024,04:05,UNAM Pumas,Cruz Azul,0,0,D,3.2,3.6,2.26,3.22,3.75,2.27,3.08,3.51,2.16,,,,,,
Mexico,Liga MX,2023/2024,06/04/2024,02:00,Mazatlan FC,UNAM Pumas,0,4,A,2.54,3.51,2.82,2.64,3.6,2.88,2.46,3.44,2.7,,,,,,
Mexico,Liga MX,2023/2024,15/04/2024,01:00,UNAM Pumas,Club Leon,1,0,H,2.0,3.95,3.57,2.0,3.95,3.8,1.94,3.75,3.48,,,,,,
Mexico,Liga MX,2023/2024,21/04/2024,04:10,UNAM Pumas,Club America,2,1,H,3.64,3.83,2.01,3.81,3.83,2.07,3.49,3.57,1.99,,,,,,
Mexico,Liga MX,2023/2024,27/04/2024,04:10,Queretaro,UNAM Pumas,1,1,D,3.46,3.47,2.19,3.52,3.5,2.8,3.17,3.34,2.19,,,,,,
Mexico,Liga MX,2023/2024,03/05/2024,04:15,Pachuca,UNAM Pumas,0,0,D,2.58,3.56,2.74,2.6,3.6,2.74,2.49,3.43,2.63,,,,,,
Mexico,Liga MX,2023/2024,10/05/2024,02:00,UNAM Pumas,Cruz Azul,0,2,A,,,,3.0,3.35,2.63,2.79,3.23,2.51,,,,,,
Mexico,Liga MX,2023/2024,13/05/2024,02:00,Cruz Azul,UNAM Pumas,2,2,D,1.99,4.09,3.47,2.05,4.09,3.85,1.96,3.83,3.38,,,,,,
Mexico,Liga MX,2024/2025,07/07/2024,19:00,UNAM Pumas,Club Leon,4,1,H,2.24,3.59,3.24,2.24,3.7,3.35,2.12,3.51,3.2,,,,,,
Mexico,Liga MX,2024/2025,14/07/2024,02:05,Santos Laguna,UNAM Pumas,1,1,D,3.91,3.45,2.05,3.98,3.55,2.08,3.74,3.36,1.99,4.1,3.55,2.08,,,
Mexico,Liga MX,2024/2025,18/07/2024,02:00,Juarez,UNAM Pumas,1,2,A,3.29,3.54,2.24,3.29,3.58,2.28,3.13,3.46,2.17,3.3,3.65,2.34,,,
Mexico,Liga MX,2024/2025,22/07/2024,00:00,UNAM Pumas,Pachuca,2,0,H,2.05,3.74,3.58,2.33,3.8,3.58,2.0,3.64,3.41,2.12,3.9,3.6,,,
Mexico,Liga MX,2024/2025,25/08/2024,02:00,Atlas,UNAM Pumas,2,1,H,3.1,2.99,2.66,3.1,3.1,2.66,2.94,3.0,2.54,3.1,3.1,2.74,,,
Mexico,Liga MX,2024/2025,02/09/2024,00:00,UNAM Pumas,Tigres UANL,1,3,A,2.11,3.5,3.64,2.16,3.55,3.7,2.05,3.43,3.46,2.22,3.5,3.7,,,
Mexico,Liga MX,2024/2025,14/09/2024,04:00,Necaxa,UNAM Pumas,2,0,H,3.44,3.3,2.27,3.45,3.56,2.4,3.2,3.26,2.24,3.5,3.45,2.32,,,
Mexico,Liga MX,2024/2025,18/09/2024,04:05,UNAM Pumas,Puebla,1,0,H,1.54,4.38,6.25,1.58,4.4,6.25,1.51,4.2,5.86,1.57,4.4,6.8,,,
Mexico,Liga MX,2024/2025,23/09/2024,00:00,UNAM Pumas,Club Tijuana,1,0,H,1.53,4.52,6.06,1.54,4.52,6.06,1.51,4.41,5.62,1.58,4.7,6.0,,,
Mexico,Liga MX,2024/2025,30/09/2024,01:00,Club America,UNAM Pumas,0,1,A,2.1,3.39,3.79,2.19,3.42,4.2,2.04,3.32,3.65,2.16,3.45,3.85,,,
Mexico,Liga MX,2024/2025,06/10/2024,02:00,Toluca,UNAM Pumas,1,1,D,2.09,3.69,3.5,2.16,3.7,3.7,2.04,3.57,3.36,2.2,3.65,3.6,,,
Mexico,Liga MX,2024/2025,20/10/2024,19:00,UNAM Pumas,Atl. San Luis,3,0,H,1.67,4.06,5.26,1.7,4.06,5.5,1.64,3.89,5.0,1.7,4.1,5.6,,,
Mexico,Liga MX,2024/2025,24/10/2024,02:00,Monterrey,UNAM Pumas,0,0,D,2.07,3.35,3.98,2.09,3.45,3.98,2.02,3.26,3.78,2.1,3.45,4.1,,,
Mexico,Liga MX,2024/2025,27/10/2024,01:00,UNAM Pumas,Cruz Azul,0,2,A,3.42,3.22,2.32,3.42,3.3,2.49,3.09,3.15,2.35,3.3,3.3,2.46,,,
Mexico,Liga MX,2024/2025,03/11/2024,01:05,Guadalajara Chivas,UNAM Pumas,0,0,D,2.24,3.27,3.55,2.27,3.4,3.56,2.17,3.24,3.37,2.28,3.3,3.65,,,
Mexico,Liga MX,2024/2025,06/11/2024,03:05,UNAM Pumas,Queretaro,2,0,H,1.38,4.87,8.1,1.42,4.9,8.76,1.37,4.68,7.94,1.44,4.9,9.0,,,
Mexico,Liga MX,2024/2025,09/11/2024,03:00,Mazatlan FC,UNAM Pumas,0,1,A,3.68,3.37,2.15,3.78,3.55,2.15,3.58,3.33,2.06,3.85,3.45,2.16,,,
Mexico,Liga MX,2024/2025,29/11/2024,03:10,Monterrey,UNAM Pumas,1,0,H,2.31,2.96,3.79,2.33,3.15,3.9,2.21,2.96,3.61,2.32,3.1,3.95,,,
Mexico,Liga MX,2024/2025,01/12/2024,18:00,UNAM Pumas,Monterrey,3,5,A,1.88,3.58,4.47,1.96,3.6,4.47,1.86,3.49,4.17,1.91,3.7,4.7,,,
Mexico,Liga MX,2024/2025,12/01/2025,18:00,UNAM Pumas,Necaxa,2,1,H,1.79,3.6,5.02,1.8,3.75,5.41,1.74,3.57,4.75,1.84,3.7,5.0,,,
Mexico,Liga MX,2024/2025,19/01/2025,23:00,Queretaro,UNAM Pumas,3,2,H,4.53,3.34,1.94,4.53,3.43,1.95,4.23,3.29,1.9,4.6,3.4,2.02,,,
Mexico,Liga MX,2024/2025,26/01/2025,18:00,UNAM Pumas,Atlas,0,0,D,1.72,3.56,5.69,1.75,3.7,5.7,1.7,3.51,5.24,1.77,3.65,5.9,,,
Mexico,Liga MX,2024/2025,30/01/2025,03:05,UNAM Pumas,Toluca,1,1,D,2.76,3.27,2.74,2.76,3.45,2.85,2.63,3.24,2.65,2.84,3.35,2.8,,,
Mexico,Liga MX,2024/2025,03/02/2025,01:00,Atl. San Luis,UNAM Pumas,2,3,A,2.99,3.14,2.63,3.07,3.25,2.63,2.93,3.11,2.49,3.1,3.2,2.64,,,
Mexico,Liga MX,2024/2025,10/02/2025,00:00,UNAM Pumas,Mazatlan FC,1,0,H,1.51,4.01,8.04,1.6,4.04,8.04,1.5,3.88,7.06,1.55,4.2,8.0,,,
Mexico,Liga MX,2024/2025,17/02/2025,01:05,Pachuca,UNAM Pumas,2,1,H,2.17,3.42,3.55,2.24,3.45,3.63,2.13,3.32,3.36,2.22,3.55,3.7,,,
Mexico,Liga MX,2024/2025,23/02/2025,03:05,UNAM Pumas,Club America,0,2,A,4.05,3.52,1.99,4.05,3.6,2.02,3.9,3.42,1.93,4.3,3.55,2.04,,,
Mexico,Liga MX,2024/2025,26/02/2025,03:00,Club Tijuana,UNAM Pumas,4,2,H,2.13,3.72,3.39,2.21,3.93,3.39,2.14,3.61,3.1,2.34,3.7,3.2,,,
Mexico,Liga MX,2024/2025,02/03/2025,03:10,UNAM Pumas,Guadalajara Chivas,0,1,A,3.24,3.11,2.48,3.24,3.3,2.48,3.08,3.12,2.37,3.35,3.2,2.56,,,
Mexico,Liga MX,2024/2025,08/03/2025,03:00,Puebla,UNAM Pumas,1,3,A,3.33,3.15,2.41,3.33,3.25,2.41,3.17,3.1,2.33,3.4,3.2,2.5,,,
Mexico,Liga MX,2024/2025,17/03/2025,00:00,UNAM Pumas,Monterrey,1,3,A,2.97,3.23,2.58,2.97,3.43,2.58,2.84,3.19,2.47,3.0,3.4,2.62,,,
Mexico,Liga MX,2024/2025,31/03/2025,02:05,Club Leon,UNAM Pumas,1,2,A,2.19,3.46,3.47,2.29,3.6,3.65,2.15,3.39,3.3,2.26,3.45,3.65,,,
Mexico,Liga MX,2024/2025,06/04/2025,04:10,Cruz Azul,UNAM Pumas,3,2,H,1.81,3.61,4.87,1.81,3.85,5.0,1.72,3.53,4.62,1.82,3.65,5.3,,,
Mexico,Liga MX,2024/2025,13/04/2025,00:00,UNAM Pumas,Juarez,0,0,D,1.88,3.61,4.43,1.93,3.7,4.68,1.84,3.56,4.21,1.9,3.65,4.8,,,
Mexico,Liga MX,2024/2025,17/04/2025,04:05,UNAM Pumas,Santos Laguna,2,0,H,1.34,5.64,8.72,1.34,5.64,9.5,1.32,5.22,8.59,1.34,5.9,10.5,,,
Mexico,Liga MX,2024/2025,20/04/2025,04:00,Tigres UANL,UNAM Pumas,2,1,H,1.95,3.53,4.18,1.98,3.53,4.47,1.92,3.41,4.03,1.97,3.6,4.5,,,
Mexico,Liga MX,2024/2025,28/04/2025,00:00,Juarez,UNAM Pumas,1,1,D,2.92,3.06,2.75,2.92,3.06,2.86,2.8,3.01,2.68,2.96,3.1,2.84,,,
Mexico,Liga MX,2024/2025,05/05/2025,02:30,Monterrey,UNAM Pumas,2,0,H,1.81,3.59,4.85,1.81,3.65,4.96,1.78,3.51,4.66,1.87,3.6,5.1,,,
Mexico,Liga MX,2025/2026,13/07/2025,02:00,Santos Laguna,UNAM Pumas,3,0,H,2.86,3.31,2.62,2.88,3.4,2.63,2.68,3.23,2.49,2.92,3.45,2.62,,,
Mexico,Liga MX,2025/2026,20/07/2025,19:00,UNAM Pumas,Pachuca,2,3,A,3.16,3.32,2.41,3.16,3.4,2.41,2.94,3.24,2.29,3.2,3.35,2.52,,,
Mexico,Liga MX,2025/2026,26/07/2025,02:00,Queretaro,UNAM Pumas,0,2,A,4.08,3.51,1.98,4.33,3.51,1.98,3.99,3.3,1.88,4.8,3.4,1.99,,,
Mexico,Liga MX,2025/2026,11/08/2025,01:00,UNAM Pumas,Necaxa,1,1,D,2.09,3.56,3.65,1.96,3.6,4.0,1.91,3.47,3.68,1.97,3.7,4.3,,,
Mexico,Liga MX,2025/2026,17/08/2025,04:10,Toluca,UNAM Pumas,1,1,D,1.75,3.87,4.89,1.74,3.8,5.0,1.7,3.64,4.51,1.77,3.95,5.3,1.7,3.7,5.0
Mexico,Liga MX,2025/2026,25/08/2025,00:00,UNAM Pumas,Puebla,0,0,D,1.65,3.92,5.74,1.67,4.1,5.6,1.61,3.76,5.18,1.69,4.0,5.9,1.65,4.1,5.0
Mexico,Liga MX,2025/2026,31/08/2025,23:00,UNAM Pumas,Atlas,1,0,H,1.66,3.97,5.47,1.65,4.0,5.5,1.61,3.81,5.03,1.67,4.0,6.0,1.53,3.8,5.25
Mexico,Liga MX,2025/2026,13/09/2025,04:00,Mazatlan FC,UNAM Pumas,1,4,A,3.54,3.29,2.23,3.4,3.4,2.22,3.26,3.2,2.15,3.65,3.35,2.26,3.3,3.4,2.15
Mexico,Liga MX,2025/2026,21/09/2025,02:00,UNAM Pumas,Tigres UANL,1,1,D,2.45,3.43,3.0,2.14,3.4,3.75,2.03,3.32,3.43,2.12,3.6,3.8,2.01,3.4,3.7
Mexico,Liga MX,2025/2026,24/09/2025,04:00,Juarez,UNAM Pumas,3,1,H,2.87,3.12,2.74,3.0,3.25,2.74,2.8,3.1,2.48,3.1,3.3,2.58,3.0,3.1,2.35
Mexico,Liga MX,2025/2026,28/09/2025,04:05,Club America,UNAM Pumas,4,1,H,1.77,3.71,4.97,1.75,3.9,5.33,1.69,3.65,4.6,1.81,3.75,5.2,1.68,3.9,4.5
Mexico,Liga MX,2025/2026,06/10/2025,02:00,UNAM Pumas,Guadalajara Chivas,1,2,A,2.33,3.27,3.36,2.5,3.35,3.05,2.37,3.2,2.84,2.56,3.4,3.0,2.45,3.2,2.85
Mexico,Liga MX,2025/2026,19/10/2025,02:00,Monterrey,UNAM Pumas,1,1,D,1.7,3.88,5.22,1.66,4.0,5.25,1.62,3.84,4.88,1.7,4.1,5.6,1.61,3.9,5.25
Mexico,Liga MX,2025/2026,23/10/2025,04:05,UNAM Pumas,Atl. San Luis,0,1,A,1.88,3.81,4.18,1.91,3.7,4.0,1.85,3.54,3.82,1.97,3.7,4.4,1.86,3.7,3.8
Mexico,Liga MX,2025/2026,26/10/2025,01:00,Club Leon,UNAM Pumas,1,1,D,2.51,3.56,2.7,3.5,3.55,2.15,3.3,3.4,2.06,3.75,3.55,2.18,3.05,3.5,2.15
Mexico,Liga MX,2025/2026,02/11/2025,18:00,UNAM Pumas,Club Tijuana,4,1,H,,,,1.58,4.25,5.75,1.55,4.13,5.17,1.59,4.6,6.0,1.53,4.2,5.75
Mexico,Liga MX,2025/2026,09/11/2025,03:05,Cruz Azul,UNAM Pumas,2,3,A,,,,1.8,4.0,4.5,1.75,3.74,4.11,1.85,4.2,4.4,1.79,3.8,4.1
Mexico,Liga MX,2025/2026,21/11/2025,01:00,Pachuca,UNAM Pumas,3,1,H,,,,2.07,3.6,4.0,1.99,3.34,3.58,2.08,3.5,4.1,1.91,3.4,3.8
Mexico,Liga MX,2025/2026,11/01/2026,18:00,UNAM Pumas,Queretaro,1,1,D,,,,1.8,3.65,5.5,1.71,3.45,4.74,1.85,3.6,5.2,1.76,3.4,4.75
Mexico,Liga MX,2025/2026,15/01/2026,03:06,Tigres UANL,UNAM Pumas,0,1,A,,,,1.65,4.0,6.33,1.58,3.74,5.41,1.64,4.2,6.2,1.57,3.75,5.75
Mexico,Liga MX,2025/2026,18/01/2026,18:00,UNAM Pumas,Club Leon,1,1,D,,,,2.2,3.6,3.4,2.09,3.36,3.22,2.26,3.55,3.5,2.1,3.5,3.25
Mexico,Liga MX,2025/2026,31/01/2026,03:00,UNAM Pumas,Santos Laguna,4,0,H,,,,1.56,4.5,5.8,1.51,4.27,5.49,1.56,4.8,6.2,1.46,4.5,5.75
Mexico,Liga MX,2025/2026,08/02/2026,01:05,Atlas,UNAM Pumas,2,2,D,,,,2.85,3.13,2.7,2.73,3.05,2.59,2.86,3.35,2.82,2.75,3.1,2.65
Mexico,Liga MX,2025/2026,14/02/2026,01:00,Puebla,UNAM Pumas,2,3,A,,,,2.65,3.3,2.75,2.54,3.17,2.64,2.68,3.4,2.88,2.5,3.3,2.75
Mexico,Liga MX,2025/2026,22/02/2026,23:00,UNAM Pumas,Monterrey,2,0,H,,,,2.6,3.5,2.7,2.52,3.36,2.59,2.6,3.7,2.84,2.55,3.5,2.65
Mexico,Liga MX,2025/2026,28/02/2026,03:06,Club Tijuana,UNAM Pumas,1,1,D,,,,2.2,3.75,3.25,2.13,3.41,3.04,2.26,3.8,3.25,2.1,3.75,3.1
Mexico,Liga MX,2025/2026,04/03/2026,03:10,UNAM Pumas,Toluca,2,3,A,,,,3.9,3.7,1.95,3.69,3.54,1.88,3.9,3.85,2.0,3.75,3.6,1.91
Mexico,Liga MX,2025/2026,07/03/2026,03:00,Necaxa,UNAM Pumas,0,1,A,,,,3.0,3.6,2.3,2.83,3.45,2.23,3.05,3.75,2.42,2.82,3.6,2.3
Mexico,Liga MX,2025/2026,15/03/2026,03:10,UNAM Pumas,Cruz Azul,2,2,D,,,,3.5,3.65,2.07,3.34,3.5,2.0,3.9,3.7,2.08,3.5,3.6,1.96
Mexico,Liga MX,2025/2026,22/03/2026,03:10,UNAM Pumas,Club America,1,0,H,,,,2.95,3.45,2.55,2.71,3.34,2.41,2.86,3.6,2.62,2.65,3.4,2.55
Mexico,Liga MX,2025/2026,06/04/2026,03:07,Guadalajara Chivas,UNAM Pumas,2,2,D,,,,1.52,4.5,6.25,1.47,4.32,5.53,1.54,4.9,6.4,1.46,4.5,5.75
Mexico,Liga MX,2025/2026,12/04/2026,19:00,UNAM Pumas,Mazatlan FC,3,1,H,,,,1.4,6.5,10.75,1.25,5.79,8.88,1.31,6.6,11.0,1.24,6.0,10.0
Mexico,Liga MX,2025/2026,18/04/2026,02:00,Atl. San Luis,UNAM Pumas,0,2,A,,,,3.1,3.7,2.3,2.88,3.52,2.16,,,,3.0,3.5,2.15
Mexico,Liga MX,2025/2026,22/04/2026,02:00,UNAM Pumas,Juarez,4,2,H,,,,1.91,4.33,5.0,1.65,4.02,4.31,,,,1.61,4.33,5.0
Mexico,Liga MX,2025/2026,26/04/2026,00:00,Pachuca,UNAM Pumas,0,2,A,,,,1.98,3.75,3.75,1.92,3.56,3.42,,,,1.91,3.6,3.75
Mexico,Liga MX,2025/2026,04/05/2026,00:00,Club America,UNAM Pumas,3,3,D,,,,2.2,3.3,22.0,2.17,3.21,6.36,,,,2.2,3.3,3.2
Mexico,Liga MX,2025/2026,11/05/2026,02:15,UNAM Pumas,Club America,3,3,D,,,,2.6,3.5,2.8,2.48,3.37,2.64,,,,2.45,3.4,2.75
Mexico,Liga MX,2025/2026,15/05/2026,02:00,Pachuca,UNAM Pumas,1,0,H,,,,2.12,3.75,3.7,1.95,3.44,3.45,2.04,3.7,3.95,1.96,3.6,3.7
Mexico,Liga MX,2025/2026,18/05/2026,02:00,UNAM Pumas,Pachuca,1,0,H,,,,2.38,3.75,3.0,2.28,3.56,2.69,2.52,3.85,2.82,2.32,3.75,2.7
Mexico,Liga MX,2025/2026,22/05/2026,03:00,Cruz Azul,UNAM Pumas,0,0,D,,,,1.71,4.0,5.0,1.65,3.72,4.59,1.75,4.1,5.1,1.62,3.9,4.75
Mexico,Liga MX,2025/2026,25/05/2026,02:00,UNAM Pumas,Cruz Azul,1,2,A,,,,3.14,3.6,2.33,2.97,3.26,2.23,3.15,3.75,2.34,3.0,3.5,2.25
Mexico,Liga MX,2026/2027,19/07/2026,00:00,UNAM Pumas,Pachuca,0,3,A,,,,2.6,3.5,2.9,2.45,3.27,2.64,2.72,3.45,2.84,2.57,3.3,2.57
Mexico,Liga MX,2026/2027,22/07/2026,04:05,Toluca,UNAM Pumas,1,2,A,,,,1.57,4.25,5.75,1.53,4.09,5.09,1.63,4.3,5.9,1.51,4.2,5.75
Mexico,Liga MX,2026/2027,01/08/2026,04:00,Juarez,UNAM Pumas,1,5,A,,,,2.66,3.5,2.6,2.54,3.35,2.49,2.74,3.65,2.72,2.65,3.4,2.5
Mexico,Liga MX,2026/2027,16/08/2026,19:00,UNAM Pumas,Queretaro,0,0,D,,,,1.91,3.75,4.2,1.86,3.54,3.73,2.0,3.8,4.2,1.86,3.7,3.9
Mexico,Liga MX,2026/2027,24/08/2026,02:00,UNAM Pumas,Necaxa,1,1,D,,,,1.93,3.75,3.8,1.88,3.59,3.65,1.97,3.9,4.0,1.86,3.75,3.8
Mexico,Liga MX,2026/2027,29/08/2026,04:10,Club Tijuana,UNAM Pumas,2,0,H,,,,2.06,3.6,3.8,1.98,3.42,3.47,2.08,3.65,3.85,1.96,3.5,3.8
Mexico,Liga MX,2026/2027,11/09/2026,04:05,UNAM Pumas,Club Leon,3,1,H,,,,2.2,3.8,3.25,2.13,3.47,2.98,2.22,3.95,3.2,2.2,3.5,3.2
Mexico,Liga MX,2026/2027,14/09/2026,02:07,Guadalajara Chivas,UNAM Pumas,3,0,H,,,,1.53,4.5,6.0,1.5,4.26,5.41,1.56,4.8,6.2,1.49,4.33,6.0
Mexico,Liga MX,2026/2027,20/09/2026,00:00,Atlas,UNAM Pumas,1,1,D,,,,2.2,3.5,3.3,2.13,3.33,3.17,2.3,3.5,3.45,2.1,3.5,3.3
Mexico,Liga MX,2026/2027,27/09/2026,19:00,UNAM Pumas,Atl. San Luis,2,3,A,,,,2.05,3.4,3.5,2.1,3.6,3.5,2.04,3.48,3.24,2.14,3.75,3.65
